date,pm10,pm2_5,carbon_monoxide,nitrogen_dioxide,sulphur_dioxide,ozone,aerosol_optical_depth,dust,uv_index,us_aqi,european_aqi,year,month,month_name,day,season,aqi_category
2022-08-05,33.520833333333336,22.72083333333333,345.4583333333333,5.9125000000000005,4.770833333333333,62.5,0.34625,0.375,1.375,64.82608695652173,38.43478260869565,2022,8,August,Friday,Rainy / Wet,Moderate
2022-08-06,30.21666666666667,20.39583333333333,338.0,7.2375,4.191666666666666,52.875,0.2904166666666666,0.125,0.9375,72.70833333333333,50.833333333333336,2022,8,August,Saturday,Rainy / Wet,Moderate
2022-08-07,34.77916666666666,23.616666666666664,388.9583333333333,8.091666666666667,3.6666666666666665,53.625,0.34,0.2083333333333333,1.2875,73.625,52.333333333333336,2022,8,August,Sunday,Rainy / Wet,Moderate
2022-08-08,35.175000000000004,24.0625,408.2083333333333,8.441666666666666,4.3375,51.0,0.3666666666666667,0.25,1.14375,75.0,54.54166666666666,2022,8,August,Monday,Rainy / Wet,Moderate
2022-08-09,29.4875,20.1125,357.9166666666667,7.733333333333333,3.6208333333333336,49.375,0.3333333333333333,0.375,1.1,70.375,46.25,2022,8,August,Tuesday,Rainy / Wet,Moderate
2022-08-10,27.445833333333336,18.7375,322.5416666666667,6.854166666666667,3.4916666666666667,47.91666666666666,0.2983333333333333,0.125,0.9104166666666668,65.16666666666667,38.208333333333336,2022,8,August,Wednesday,Rainy / Wet,Moderate
2022-08-11,34.725,23.7875,400.9166666666667,8.495833333333334,3.4333333333333336,49.875,0.2708333333333333,0.125,0.6770833333333334,66.20833333333333,40.25,2022,8,August,Thursday,Rainy / Wet,Moderate
2022-08-12,36.825,25.241666666666664,540.9166666666666,13.104166666666666,4.054166666666666,49.91666666666666,0.3733333333333333,0.0833333333333333,0.6770833333333334,78.66666666666667,59.41666666666666,2022,8,August,Friday,Rainy / Wet,Moderate
2022-08-13,35.57083333333333,24.320833333333336,596.9166666666666,15.7625,3.6,41.41666666666666,0.4141666666666666,0.2083333333333333,0.6916666666666665,81.66666666666667,61.41666666666666,2022,8,August,Saturday,Rainy / Wet,Moderate
2022-08-14,26.85833333333333,17.666666666666668,356.9166666666667,8.450000000000001,2.225,52.91666666666666,0.4579166666666667,0.125,0.44375,65.66666666666667,39.91666666666666,2022,8,August,Sunday,Rainy / Wet,Moderate
2022-08-15,29.941666666666663,19.25,373.625,9.258333333333336,2.5375,56.458333333333336,0.5820833333333334,0.0,0.75,62.0,35.208333333333336,2022,8,August,Monday,Rainy / Wet,Moderate
2022-08-16,33.708333333333336,22.4,478.7083333333333,12.175,4.55,54.75,0.6545833333333333,0.0,1.4395833333333332,73.66666666666667,52.625,2022,8,August,Tuesday,Rainy / Wet,Moderate
2022-08-17,38.31666666666667,25.933333333333334,462.125,11.479166666666666,4.575,55.958333333333336,0.8179166666666666,0.5,1.1895833333333334,68.04166666666667,43.208333333333336,2022,8,August,Wednesday,Rainy / Wet,Moderate
2022-08-18,33.15416666666667,22.3125,402.875,9.479166666666666,4.029166666666667,52.708333333333336,0.7795833333333334,0.875,0.9416666666666668,80.125,60.208333333333336,2022,8,August,Thursday,Rainy / Wet,Moderate
2022-08-19,31.729166666666668,20.754166666666663,371.1666666666667,7.8625,3.341666666666667,58.708333333333336,0.4916666666666667,0.375,1.3541666666666667,69.75,45.04166666666666,2022,8,August,Friday,Rainy / Wet,Moderate
2022-08-20,31.5,20.941666666666663,420.75,9.533333333333331,4.175,58.66666666666666,0.6666666666666666,0.5,1.4208333333333334,71.54166666666667,48.375,2022,8,August,Saturday,Rainy / Wet,Moderate
2022-08-21,35.358333333333334,24.066666666666663,536.375,13.491666666666667,4.291666666666667,57.16666666666666,0.64125,0.625,1.1166666666666667,68.58333333333333,43.125,2022,8,August,Sunday,Rainy / Wet,Moderate
2022-08-22,34.854166666666664,23.441666666666663,400.4583333333333,9.4,3.0375,50.083333333333336,0.5629166666666666,1.125,0.7625000000000001,74.375,53.833333333333336,2022,8,August,Monday,Rainy / Wet,Moderate
2022-08-23,33.487500000000004,21.929166666666664,344.0,7.670833333333333,2.5708333333333333,53.458333333333336,0.50375,1.25,1.0833333333333333,74.41666666666667,54.0,2022,8,August,Tuesday,Rainy / Wet,Moderate
2022-08-24,38.40833333333333,25.79583333333333,465.8333333333333,12.354166666666666,4.166666666666667,50.25,0.59875,0.75,1.2354166666666666,71.83333333333333,49.16666666666666,2022,8,August,Wednesday,Rainy / Wet,Moderate
2022-08-25,41.2625,28.1,500.9166666666667,13.870833333333332,4.333333333333333,43.125,0.6720833333333333,0.3333333333333333,0.6395833333333333,83.29166666666667,62.25,2022,8,August,Thursday,Rainy / Wet,Moderate
2022-08-26,26.72083333333333,18.029166666666665,371.0833333333333,9.179166666666667,2.7375000000000003,43.41666666666666,0.365,0.0833333333333333,1.0083333333333333,77.33333333333333,56.5,2022,8,August,Friday,Rainy / Wet,Moderate
2022-08-27,26.383333333333336,17.329166666666666,408.75,10.754166666666668,2.520833333333333,41.833333333333336,0.2979166666666666,0.0,0.8395833333333332,60.208333333333336,33.583333333333336,2022,8,August,Saturday,Rainy / Wet,Moderate
2022-08-28,46.97083333333333,31.754166666666663,629.875,15.333333333333334,4.370833333333334,47.54166666666666,0.6320833333333333,0.0,1.14375,79.0,56.125,2022,8,August,Sunday,Rainy / Wet,Moderate
2022-08-29,40.9375,28.391666666666666,637.9583333333334,15.754166666666668,4.129166666666666,45.75,0.5195833333333334,0.0,1.2875,90.58333333333331,64.875,2022,8,August,Monday,Rainy / Wet,Moderate
2022-08-30,27.42083333333333,18.425,439.9166666666667,9.9,3.0625,46.5,0.3358333333333334,0.0,1.0833333333333333,69.75,44.708333333333336,2022,8,August,Tuesday,Rainy / Wet,Moderate
2022-08-31,31.129166666666663,20.716666666666665,495.7916666666667,12.3625,3.1208333333333336,49.0,0.3816666666666666,0.0833333333333333,1.0708333333333333,63.333333333333336,36.375,2022,8,August,Wednesday,Rainy / Wet,Moderate
2022-09-01,38.708333333333336,26.495833333333334,646.25,17.8,4.579166666666667,44.54166666666666,0.39125,0.0,1.0395833333333333,78.875,58.54166666666666,2022,9,September,Thursday,Rainy / Wet,Moderate
2022-09-02,56.55,39.15416666666667,660.875,15.55,4.175,50.25,0.4733333333333333,0.0,0.85,83.91666666666667,62.458333333333336,2022,9,September,Friday,Rainy / Wet,Moderate
2022-09-03,65.56666666666666,45.520833333333336,768.4583333333334,15.775,4.8500000000000005,52.79166666666666,0.4633333333333333,0.0,0.8729166666666667,139.0,81.0,2022,9,September,Saturday,Rainy / Wet,Unhealthy for Sensitive Groups
2022-09-04,24.454166666666666,16.866666666666667,473.3333333333333,12.508333333333333,3.270833333333333,43.583333333333336,0.2312499999999999,0.0,0.8562500000000001,81.625,54.125,2022,9,September,Sunday,Rainy / Wet,Moderate
2022-09-05,27.745833333333334,18.979166666666668,509.0833333333333,12.729166666666666,4.3,45.04166666666666,0.2304166666666667,0.0,1.4395833333333332,65.08333333333333,38.208333333333336,2022,9,September,Monday,Rainy / Wet,Moderate
2022-09-06,28.975,19.7625,512.4166666666666,13.125,4.15,43.125,0.25,0.0,1.04375,65.83333333333333,38.833333333333336,2022,9,September,Tuesday,Rainy / Wet,Moderate
2022-09-07,24.4625,16.916666666666668,477.2916666666667,11.504166666666668,3.8166666666666655,42.208333333333336,0.2333333333333333,0.0,0.7999999999999999,61.833333333333336,35.333333333333336,2022,9,September,Wednesday,Rainy / Wet,Moderate
2022-09-08,27.3125,18.808333333333334,483.0,11.825,3.9375,39.75,0.2458333333333333,0.0,0.7958333333333334,62.958333333333336,36.25,2022,9,September,Thursday,Rainy / Wet,Moderate
2022-09-09,27.72083333333333,18.804166666666667,498.0,12.358333333333334,3.525,47.0,0.2833333333333333,0.0,0.9666666666666668,62.375,35.75,2022,9,September,Friday,Rainy / Wet,Moderate
2022-09-10,30.575,21.075,584.2083333333334,14.6375,3.825,45.54166666666666,0.2695833333333333,0.0,1.13125,66.33333333333333,39.375,2022,9,September,Saturday,Rainy / Wet,Moderate
2022-09-11,37.11666666666667,25.48333333333333,623.5416666666666,13.145833333333334,5.816666666666666,52.375,0.32125,0.2083333333333333,0.7708333333333334,78.0,58.583333333333336,2022,9,September,Sunday,Rainy / Wet,Moderate
2022-09-12,30.3625,20.225,379.5,5.675,5.745833333333334,56.66666666666666,0.2433333333333333,0.0,1.2416666666666667,72.91666666666667,51.16666666666666,2022,9,September,Monday,Rainy / Wet,Moderate
2022-09-13,35.766666666666666,24.475,447.1666666666667,6.791666666666667,6.295833333333333,61.125,0.3429166666666667,0.0,1.4791666666666667,68.41666666666667,42.958333333333336,2022,9,September,Tuesday,Rainy / Wet,Moderate
2022-09-14,29.225,20.104166666666668,437.0,6.758333333333333,6.370833333333334,52.958333333333336,0.3108333333333333,1.0416666666666667,1.1,76.79166666666667,57.208333333333336,2022,9,September,Wednesday,Rainy / Wet,Moderate
2022-09-15,23.53333333333333,15.883333333333333,404.1666666666667,8.854166666666666,2.8083333333333336,40.91666666666666,0.1883333333333333,1.2083333333333333,0.9895833333333334,59.29166666666666,32.791666666666664,2022,9,September,Thursday,Rainy / Wet,Moderate
2022-09-16,30.27083333333333,20.554166666666667,533.5833333333334,14.858333333333334,3.65,38.625,0.2654166666666667,0.75,0.7645833333333334,61.625,34.875,2022,9,September,Friday,Rainy / Wet,Moderate
2022-09-17,35.625,24.575,634.8333333333334,16.587500000000002,4.291666666666667,41.0,0.2845833333333333,0.125,0.9520833333333332,75.91666666666667,56.083333333333336,2022,9,September,Saturday,Rainy / Wet,Moderate
2022-09-18,26.933333333333334,18.27083333333333,441.25,11.229166666666666,3.3375,42.208333333333336,0.34,0.6666666666666666,1.0604166666666666,68.95833333333333,43.91666666666666,2022,9,September,Sunday,Rainy / Wet,Moderate
2022-09-19,27.4,18.15833333333333,403.75,9.804166666666667,3.595833333333333,38.625,0.2770833333333333,0.375,1.03125,62.333333333333336,35.666666666666664,2022,9,September,Monday,Rainy / Wet,Moderate
2022-09-20,40.97083333333333,27.92083333333333,672.125,18.633333333333333,5.4125000000000005,42.5,0.2970833333333333,0.0,0.9520833333333334,74.54166666666667,53.41666666666666,2022,9,September,Tuesday,Rainy / Wet,Moderate
2022-09-21,30.2125,21.05,594.375,14.7,4.65,47.79166666666666,0.2266666666666666,0.0,1.1208333333333331,76.625,55.91666666666666,2022,9,September,Wednesday,Rainy / Wet,Moderate
2022-09-22,33.87083333333333,23.641666666666666,641.8333333333334,16.558333333333334,4.6625000000000005,46.208333333333336,0.2341666666666666,0.0,0.7083333333333334,70.0,45.583333333333336,2022,9,September,Thursday,Rainy / Wet,Moderate
2022-09-23,33.987500000000004,23.6125,605.7083333333334,15.316666666666668,4.791666666666667,54.708333333333336,0.2825,0.0,1.0520833333333333,76.625,57.75,2022,9,September,Friday,Rainy / Wet,Moderate
2022-09-24,26.370833333333334,18.2,506.2083333333333,13.158333333333331,4.266666666666667,44.625,0.2066666666666666,0.0,1.3041666666666667,67.5,42.29166666666666,2022,9,September,Saturday,Rainy / Wet,Moderate
2022-09-25,34.75833333333333,24.2625,616.0,17.970833333333335,4.2250000000000005,36.5,0.2245833333333333,0.0,0.6770833333333334,69.95833333333333,45.66666666666666,2022,9,September,Sunday,Rainy / Wet,Moderate
2022-09-26,27.829166666666666,19.2375,523.75,15.191666666666668,3.7541666666666655,31.70833333333333,0.1358333333333333,0.0,0.5791666666666667,71.83333333333333,49.04166666666666,2022,9,September,Monday,Rainy / Wet,Moderate
2022-09-27,28.22083333333333,19.375,522.5416666666666,14.483333333333334,3.8,33.875,0.1354166666666666,0.0,0.9354166666666668,64.41666666666667,37.625,2022,9,September,Tuesday,Rainy / Wet,Moderate
2022-09-28,38.15833333333333,26.558333333333334,726.625,19.72083333333333,5.241666666666666,30.58333333333333,0.1279166666666666,0.0,0.7041666666666666,74.0,52.708333333333336,2022,9,September,Wednesday,Rainy / Wet,Moderate
2022-09-29,31.96666666666667,22.308333333333334,607.7083333333334,15.058333333333332,4.425,38.04166666666666,0.1845833333333333,0.0,1.0604166666666666,77.20833333333333,57.54166666666666,2022,9,September,Thursday,Rainy / Wet,Moderate
2022-09-30,27.05,18.829166666666666,522.875,13.683333333333332,4.325,43.0,0.16625,0.0,1.4354166666666668,66.375,39.958333333333336,2022,9,September,Friday,Rainy / Wet,Moderate
2022-10-01,37.454166666666666,26.0375,667.125,17.891666666666666,5.075,40.29166666666666,0.20375,0.0,1.225,74.20833333333333,53.083333333333336,2022,10,October,Saturday,Rainy / Wet,Moderate
2022-10-02,27.933333333333334,19.39166666666667,547.0833333333334,13.8375,3.8958333333333335,39.04166666666666,0.1920833333333333,0.0,1.4958333333333331,74.95833333333333,53.458333333333336,2022,10,October,Sunday,Rainy / Wet,Moderate
2022-10-03,35.5125,24.4875,621.3333333333334,18.266666666666666,5.9,40.458333333333336,0.2775,0.875,1.45,70.16666666666667,46.25,2022,10,October,Monday,Rainy / Wet,Moderate
2022-10-04,27.379166666666663,18.4625,474.125,12.941666666666668,3.8125,42.875,0.3233333333333333,1.8333333333333333,1.18125,69.125,44.29166666666666,2022,10,October,Tuesday,Rainy / Wet,Moderate
2022-10-05,30.9375,20.679166666666667,484.75,12.275,4.520833333333333,51.875,0.38125,3.875,1.0291666666666666,66.20833333333333,39.625,2022,10,October,Wednesday,Rainy / Wet,Moderate
2022-10-06,21.175,14.6625,431.4583333333333,10.908333333333331,3.5125,54.333333333333336,0.16625,0.75,1.0729166666666667,59.833333333333336,33.916666666666664,2022,10,October,Thursday,Rainy / Wet,Moderate
2022-10-07,28.929166666666664,20.1125,528.9166666666666,13.608333333333334,3.775,38.75,0.1399999999999999,0.0,0.9333333333333332,59.16666666666666,32.5,2022,10,October,Friday,Rainy / Wet,Moderate
2022-10-08,40.516666666666666,28.258333333333336,762.125,18.70833333333333,5.329166666666667,43.41666666666666,0.2029166666666666,0.125,1.1354166666666667,83.5,60.833333333333336,2022,10,October,Saturday,Rainy / Wet,Moderate
2022-10-09,37.07083333333333,25.8625,698.5,15.3375,4.716666666666667,55.083333333333336,0.21125,0.0,1.3270833333333334,81.83333333333333,61.625,2022,10,October,Sunday,Rainy / Wet,Moderate
2022-10-10,44.30833333333334,30.616666666666664,715.9583333333334,20.254166666666663,4.6125,36.833333333333336,0.2158333333333333,0.0416666666666666,1.0583333333333331,83.45833333333333,62.16666666666666,2022,10,October,Monday,Rainy / Wet,Moderate
2022-10-11,47.64166666666667,31.554166666666664,736.875,22.508333333333336,4.0875,38.91666666666666,0.4695833333333333,7.291666666666667,0.5499999999999999,93.91666666666669,66.04166666666667,2022,10,October,Tuesday,Rainy / Wet,Moderate
2022-10-12,32.375,21.133333333333333,563.1666666666666,11.354166666666666,3.65,70.08333333333333,0.34125,6.5,1.2229166666666669,74.375,51.04166666666666,2022,10,October,Wednesday,Rainy / Wet,Moderate
2022-10-13,30.65,21.066666666666663,514.375,12.595833333333331,7.6875,55.958333333333336,0.1979166666666666,0.8333333333333334,1.2125,69.625,45.04166666666666,2022,10,October,Thursday,Rainy / Wet,Moderate
2022-10-14,28.46666666666667,19.8125,433.7083333333333,6.7250000000000005,5.525,53.708333333333336,0.23375,0.25,1.0270833333333331,68.79166666666667,43.41666666666666,2022,10,October,Friday,Rainy / Wet,Moderate
2022-10-15,32.454166666666666,22.641666666666666,490.9166666666667,9.008333333333333,7.066666666666666,50.25,0.2625,0.375,0.9125,67.375,41.5,2022,10,October,Saturday,Rainy / Wet,Moderate
2022-10-16,34.5125,23.5,512.0,6.845833333333334,8.566666666666666,84.08333333333333,0.3070833333333333,3.208333333333333,1.1770833333333333,74.125,53.833333333333336,2022,10,October,Sunday,Rainy / Wet,Moderate
2022-10-17,38.24166666666667,26.15,499.5,8.379166666666666,7.8875,60.66666666666666,0.2875,1.6666666666666667,1.31875,81.375,60.625,2022,10,October,Monday,Rainy / Wet,Moderate
2022-10-18,36.016666666666666,24.53333333333333,511.9583333333333,10.154166666666669,8.545833333333333,53.54166666666666,0.3341666666666666,2.75,0.7770833333333332,75.20833333333333,54.5,2022,10,October,Tuesday,Rainy / Wet,Moderate
2022-10-19,33.825,22.245833333333334,463.4583333333333,8.654166666666667,7.620833333333334,54.04166666666666,0.3475,6.541666666666667,0.6916666666666668,72.41666666666667,50.16666666666666,2022,10,October,Wednesday,Rainy / Wet,Moderate
2022-10-20,37.4375,24.59166666666667,511.3333333333333,7.370833333333334,5.304166666666666,68.5,0.4375,7.083333333333333,1.1583333333333334,76.125,56.79166666666666,2022,10,October,Thursday,Rainy / Wet,Moderate
2022-10-21,35.045833333333334,23.95,437.2916666666667,6.3875,5.954166666666667,62.083333333333336,0.245,2.0416666666666665,1.4395833333333332,81.58333333333333,61.25,2022,10,October,Friday,Rainy / Wet,Moderate
2022-10-22,36.9625,25.2875,444.4583333333333,7.416666666666667,7.883333333333333,56.0,0.2516666666666666,0.7916666666666666,0.98125,74.625,54.333333333333336,2022,10,October,Saturday,Rainy / Wet,Moderate
2022-10-23,31.85,21.766666666666666,452.25,7.9375,6.966666666666666,62.29166666666666,0.285,2.708333333333333,1.0791666666666666,69.54166666666667,45.125,2022,10,October,Sunday,Rainy / Wet,Moderate
2022-10-24,51.075,35.49166666666667,693.4166666666666,9.091666666666669,8.7875,67.16666666666667,0.2966666666666667,1.25,1.1833333333333331,98.95833333333331,67.04166666666667,2022,10,October,Monday,Rainy / Wet,Moderate
2022-10-25,30.9125,21.375,527.4166666666666,11.829166666666666,4.4625,46.958333333333336,0.2474999999999999,0.5833333333333334,0.8375,73.54166666666667,47.75,2022,10,October,Tuesday,Rainy / Wet,Moderate
2022-10-26,64.79583333333333,43.85,1033.625,23.675,6.8875,51.0,0.3841666666666667,4.041666666666667,1.2541666666666669,100.41666666666669,67.08333333333333,2022,10,October,Wednesday,Rainy / Wet,Unhealthy for Sensitive Groups
2022-10-27,65.85833333333333,42.675,909.9166666666666,21.35833333333333,4.9875,60.41666666666666,0.57375,15.083333333333334,0.6625,127.625,77.20833333333333,2022,10,October,Thursday,Rainy / Wet,Unhealthy for Sensitive Groups
2022-10-28,41.94583333333333,25.54583333333333,530.6666666666666,12.145833333333334,4.133333333333334,63.75,0.5491666666666667,16.208333333333332,1.05625,84.33333333333333,61.16666666666666,2022,10,October,Friday,Rainy / Wet,Moderate
2022-10-29,38.30833333333333,25.120833333333334,579.4583333333334,14.008333333333333,4.629166666666666,69.0,0.4120833333333333,8.666666666666666,1.60625,78.41666666666667,59.875,2022,10,October,Saturday,Rainy / Wet,Moderate
2022-10-30,49.025,31.6125,648.75,15.045833333333334,5.283333333333333,70.58333333333333,0.4475,12.666666666666666,1.6125,88.875,64.20833333333333,2022,10,October,Sunday,Rainy / Wet,Moderate
2022-10-31,41.825,27.641666666666666,493.125,7.895833333333333,7.783333333333334,69.20833333333333,0.3883333333333333,6.416666666666667,0.9854166666666666,83.54166666666667,62.25,2022,10,October,Monday,Rainy / Wet,Moderate
2022-11-01,50.5625,33.041666666666664,509.2083333333333,8.158333333333333,8.379166666666666,61.75,0.4983333333333333,9.791666666666666,1.2270833333333333,94.16666666666669,66.25,2022,11,November,Tuesday,Harmattan / Dry,Moderate
2022-11-02,36.704166666666666,23.5,436.25,6.525,5.783333333333334,69.16666666666667,0.545,9.666666666666666,0.9083333333333332,79.58333333333333,57.66666666666666,2022,11,November,Wednesday,Harmattan / Dry,Moderate
2022-11-03,45.68333333333334,29.0125,513.625,7.854166666666667,7.870833333333334,68.79166666666667,0.5245833333333333,13.291666666666666,0.9958333333333332,78.20833333333333,59.41666666666666,2022,11,November,Thursday,Harmattan / Dry,Moderate
2022-11-04,52.17916666666667,33.416666666666664,523.5833333333334,7.879166666666666,8.0375,71.04166666666667,0.5191666666666667,14.083333333333334,0.9270833333333334,95.16666666666669,66.5,2022,11,November,Friday,Harmattan / Dry,Moderate
2022-11-05,61.16666666666666,38.65833333333333,563.6666666666666,7.962499999999999,9.1625,78.29166666666667,0.5354166666666667,18.791666666666668,1.4229166666666666,105.83333333333331,70.16666666666667,2022,11,November,Saturday,Harmattan / Dry,Unhealthy for Sensitive Groups
2022-11-06,39.6125,24.775,428.625,5.4125000000000005,5.75,78.41666666666667,0.5441666666666667,13.291666666666666,1.0875,85.58333333333333,62.708333333333336,2022,11,November,Sunday,Harmattan / Dry,Moderate
2022-11-07,49.57916666666667,31.3,500.4583333333333,6.245833333333334,8.424999999999999,86.83333333333333,0.4658333333333333,15.958333333333334,1.325,85.70833333333333,62.958333333333336,2022,11,November,Monday,Harmattan / Dry,Moderate
2022-11-08,41.1,26.375,453.25,6.4125000000000005,6.254166666666666,73.75,0.4595833333333333,11.333333333333334,1.3479166666666669,84.875,62.79166666666666,2022,11,November,Tuesday,Harmattan / Dry,Moderate
2022-11-09,32.791666666666664,22.041666666666668,445.375,6.075,6.0625,77.83333333333333,0.4212499999999999,4.375,1.3270833333333334,77.75,57.875,2022,11,November,Wednesday,Harmattan / Dry,Moderate
2022-11-10,24.65833333333333,16.587500000000002,392.375,5.3375,5.604166666666667,76.95833333333333,0.3825,2.708333333333333,0.9333333333333332,63.333333333333336,39.16666666666666,2022,11,November,Thursday,Harmattan / Dry,Moderate
2022-11-11,30.791666666666668,21.03333333333333,467.4166666666667,8.825000000000001,7.116666666666667,56.54166666666666,0.2870833333333333,1.8333333333333333,0.9375,64.375,37.54166666666666,2022,11,November,Friday,Harmattan / Dry,Moderate
2022-11-12,30.48333333333333,21.0125,518.625,7.820833333333333,7.212499999999999,65.79166666666667,0.3429166666666667,1.75,0.8145833333333333,69.66666666666667,45.0,2022,11,November,Saturday,Harmattan / Dry,Moderate
2022-11-13,37.00416666666667,25.15833333333333,577.8333333333334,14.608333333333334,4.145833333333333,52.25,0.3195833333333333,2.875,1.0229166666666667,75.0,54.75,2022,11,November,Sunday,Harmattan / Dry,Moderate
2022-11-14,34.987500000000004,22.2125,468.5833333333333,11.091666666666669,3.4166666666666665,57.125,0.4166666666666667,8.333333333333334,0.7875,73.91666666666667,53.0,2022,11,November,Monday,Harmattan / Dry,Moderate
2022-11-15,40.50416666666667,25.5125,486.9166666666667,10.420833333333333,4.6625000000000005,73.41666666666667,0.43,12.333333333333334,1.5,74.45833333333333,55.04166666666666,2022,11,November,Tuesday,Harmattan / Dry,Moderate
2022-11-16,34.37916666666667,22.258333333333336,458.7083333333333,9.766666666666667,4.025,66.16666666666667,0.4937499999999999,8.208333333333334,1.13125,76.0,56.5,2022,11,November,Wednesday,Harmattan / Dry,Moderate
2022-11-17,32.104166666666664,20.95,505.4166666666667,11.170833333333334,3.8375,67.875,0.4225,6.708333333333333,1.2666666666666668,71.54166666666667,48.5,2022,11,November,Thursday,Harmattan / Dry,Moderate
2022-11-18,33.4375,21.90833333333333,515.9583333333334,12.245833333333332,4.654166666666667,69.08333333333333,0.4016666666666666,6.208333333333333,1.39375,69.58333333333333,46.29166666666666,2022,11,November,Friday,Harmattan / Dry,Moderate
2022-11-19,42.66666666666666,28.704166666666666,454.125,8.120833333333334,7.620833333333334,67.70833333333333,0.4433333333333333,5.166666666666667,1.4833333333333334,77.16666666666667,57.41666666666666,2022,11,November,Saturday,Harmattan / Dry,Moderate
2022-11-20,41.425,27.60833333333333,431.0,5.4375,6.104166666666667,81.125,0.4466666666666667,7.458333333333333,1.3875,85.16666666666667,62.79166666666666,2022,11,November,Sunday,Harmattan / Dry,Moderate
2022-11-21,36.09166666666667,23.46666666666667,383.9583333333333,4.558333333333334,5.4125000000000005,80.54166666666667,0.475,8.416666666666666,1.05,78.125,58.833333333333336,2022,11,November,Monday,Harmattan / Dry,Moderate
2022-11-22,34.5625,22.5,389.0833333333333,5.445833333333333,6.379166666666666,72.66666666666667,0.4404166666666667,7.5,0.7833333333333333,73.41666666666667,52.083333333333336,2022,11,November,Tuesday,Harmattan / Dry,Moderate
2022-11-23,44.9625,29.5375,423.875,6.8500000000000005,7.4125,61.583333333333336,0.3404166666666666,8.041666666666666,1.6708333333333334,84.16666666666667,61.5,2022,11,November,Wednesday,Harmattan / Dry,Moderate
2022-11-24,44.8,28.6125,443.0416666666667,5.495833333333334,6.6125,79.0,0.4229166666666666,13.041666666666666,1.7125,82.625,62.0,2022,11,November,Thursday,Harmattan / Dry,Moderate
2022-11-25,42.875,27.0,408.625,4.366666666666666,5.6375,74.375,0.4929166666666666,13.916666666666666,1.675,83.875,62.41666666666666,2022,11,November,Friday,Harmattan / Dry,Moderate
2022-11-26,38.7875,24.620833333333334,403.2916666666667,4.120833333333334,5.795833333333333,83.66666666666667,0.4737499999999999,11.291666666666666,1.4229166666666666,79.16666666666667,60.16666666666666,2022,11,November,Saturday,Harmattan / Dry,Moderate
2022-11-27,40.91666666666666,26.73333333333333,439.375,5.983333333333333,7.366666666666667,73.95833333333333,0.4679166666666667,7.625,1.25625,80.0,60.708333333333336,2022,11,November,Sunday,Harmattan / Dry,Moderate
2022-11-28,46.0625,31.475,556.1666666666666,10.104166666666666,4.904166666666667,81.08333333333333,0.6516666666666667,4.708333333333333,0.9208333333333334,82.04166666666667,61.708333333333336,2022,11,November,Monday,Harmattan / Dry,Moderate
2022-11-29,56.583333333333336,38.67916666666667,805.625,18.4375,5.158333333333333,74.70833333333333,0.6158333333333333,5.333333333333333,0.9979166666666668,107.75,70.91666666666667,2022,11,November,Tuesday,Harmattan / Dry,Unhealthy for Sensitive Groups
2022-11-30,40.04583333333333,26.95833333333333,459.125,6.258333333333333,6.266666666666667,83.45833333333333,0.4483333333333333,4.083333333333333,1.5625,89.04166666666667,64.29166666666667,2022,11,November,Wednesday,Harmattan / Dry,Moderate
2022-12-01,45.65,31.141666666666666,484.0833333333333,7.7375,8.975,69.70833333333333,0.4345833333333333,3.25,1.1041666666666667,88.45833333333333,64.125,2022,12,December,Thursday,Harmattan / Dry,Moderate
2022-12-02,41.67916666666667,28.625,499.4166666666667,6.170833333333333,7.858333333333333,82.04166666666667,0.5791666666666667,2.958333333333333,1.25625,88.375,64.04166666666667,2022,12,December,Friday,Harmattan / Dry,Moderate
2022-12-03,33.34583333333334,22.55,463.5833333333333,10.070833333333333,4.1625000000000005,69.875,0.5358333333333333,2.9166666666666665,1.2375,76.41666666666667,55.625,2022,12,December,Saturday,Harmattan / Dry,Moderate
2022-12-04,34.46666666666666,23.266666666666666,555.0416666666666,12.933333333333332,3.466666666666667,68.0,0.5191666666666667,3.083333333333333,0.9,73.79166666666667,52.79166666666666,2022,12,December,Sunday,Harmattan / Dry,Moderate
2022-12-05,38.03333333333333,25.0625,459.0,7.241666666666667,7.291666666666667,74.75,0.46875,5.291666666666667,0.8958333333333334,77.45833333333333,57.875,2022,12,December,Monday,Harmattan / Dry,Moderate
2022-12-06,32.775,21.77083333333333,429.375,6.904166666666666,6.491666666666667,67.04166666666667,0.49,3.7916666666666665,0.6395833333333333,75.33333333333333,55.5,2022,12,December,Tuesday,Harmattan / Dry,Moderate
2022-12-07,38.0,25.15833333333333,463.0416666666667,6.4125000000000005,7.170833333333333,78.70833333333333,0.4658333333333333,5.75,1.1375,72.875,51.083333333333336,2022,12,December,Wednesday,Harmattan / Dry,Moderate
2022-12-08,51.0875,33.266666666666666,496.5416666666667,6.333333333333333,7.845833333333334,84.79166666666667,0.5704166666666667,11.458333333333334,1.3604166666666666,89.33333333333333,64.5,2022,12,December,Thursday,Harmattan / Dry,Moderate
2022-12-09,47.88333333333333,30.25,480.8333333333333,5.620833333333334,6.741666666666667,88.33333333333333,0.57875,15.916666666666666,1.2916666666666667,87.16666666666667,63.583333333333336,2022,12,December,Friday,Harmattan / Dry,Moderate
2022-12-10,48.375,31.183333333333334,445.1666666666667,5.775,7.654166666666666,94.66666666666669,0.5454166666666667,12.541666666666666,1.3104166666666666,96.625,66.58333333333333,2022,12,December,Saturday,Harmattan / Dry,Moderate
2022-12-11,42.833333333333336,27.366666666666664,439.5833333333333,5.3,7.074999999999999,98.66666666666669,0.5733333333333334,12.0,1.2916666666666667,86.0,62.04166666666666,2022,12,December,Sunday,Harmattan / Dry,Moderate
2022-12-12,39.66666666666666,25.6875,411.5833333333333,5.45,6.6375,95.33333333333331,0.5795833333333333,8.041666666666666,1.0270833333333331,84.54166666666667,62.625,2022,12,December,Monday,Harmattan / Dry,Moderate
2022-12-13,23.40416666666667,15.658333333333331,275.4166666666667,3.275,3.829166666666667,55.66666666666666,0.3129166666666667,2.833333333333333,1.7979166666666666,76.08333333333333,54.458333333333336,2022,12,December,Tuesday,Harmattan / Dry,Moderate
2022-12-14,1.0541666666666667,0.7416666666666667,59.208333333333336,0.0,0.7166666666666667,27.666666666666668,0.0420833333333333,0.0,2.1666666666666665,24.291666666666668,15.25,2022,12,December,Wednesday,Harmattan / Dry,Good
2022-12-15,1.0833333333333333,0.7541666666666668,62.833333333333336,0.0,0.2375,34.041666666666664,0.0404166666666666,0.0,2.208333333333333,15.458333333333334,13.666666666666666,2022,12,December,Thursday,Harmattan / Dry,Good
2022-12-16,48.6,31.90416666666667,452.6666666666667,6.108333333333333,7.55,81.25,0.5599999999999999,8.041666666666666,1.2895833333333333,54.29166666666666,41.41666666666666,2022,12,December,Friday,Harmattan / Dry,Moderate
2022-12-17,40.44583333333333,26.854166666666668,479.5416666666667,11.054166666666667,5.1875,75.70833333333333,0.5854166666666667,5.875,0.8979166666666667,86.33333333333333,63.375,2022,12,December,Saturday,Harmattan / Dry,Moderate
2022-12-18,43.3625,28.0125,518.2083333333334,11.616666666666667,5.4125000000000005,77.875,0.5220833333333333,10.583333333333334,1.6708333333333334,83.125,61.958333333333336,2022,12,December,Sunday,Harmattan / Dry,Moderate
2022-12-19,42.1375,26.725,502.5,10.691666666666668,4.820833333333334,76.75,0.41,12.5,1.7854166666666669,83.16666666666667,61.958333333333336,2022,12,December,Monday,Harmattan / Dry,Moderate
2022-12-20,42.52916666666667,27.0625,519.2916666666666,11.366666666666667,4.7,74.79166666666667,0.4604166666666667,10.958333333333334,1.5791666666666666,82.04166666666667,61.708333333333336,2022,12,December,Tuesday,Harmattan / Dry,Moderate
2022-12-21,45.55,29.241666666666664,515.8333333333334,9.4875,5.020833333333333,79.375,0.5591666666666667,10.583333333333334,1.5208333333333333,82.66666666666667,62.0,2022,12,December,Wednesday,Harmattan / Dry,Moderate
2022-12-22,51.94583333333333,33.40416666666667,539.5416666666666,9.5,6.933333333333334,86.95833333333333,0.68,12.458333333333334,1.4729166666666669,92.83333333333331,65.54166666666667,2022,12,December,Thursday,Harmattan / Dry,Moderate
2022-12-23,63.3375,40.0875,524.5833333333334,5.904166666666666,7.625,100.83333333333331,0.6529166666666667,22.875,1.6083333333333334,97.08333333333331,66.45833333333333,2022,12,December,Friday,Harmattan / Dry,Moderate
2022-12-24,95.5,61.66666666666666,645.9166666666666,5.691666666666666,8.049999999999999,108.41666666666669,0.6437499999999999,26.33333333333333,1.55,145.29166666666666,86.33333333333333,2022,12,December,Saturday,Harmattan / Dry,Unhealthy for Sensitive Groups
2022-12-25,86.27916666666665,55.7375,602.6666666666666,7.15,10.070833333333333,90.83333333333331,0.5908333333333333,25.041666666666668,1.7333333333333334,151.33333333333334,86.75,2022,12,December,Sunday,Harmattan / Dry,Unhealthy
2022-12-26,76.56666666666668,49.37083333333334,552.9166666666666,5.979166666666667,8.545833333333333,100.16666666666669,0.5608333333333333,22.666666666666668,1.63125,140.70833333333334,81.625,2022,12,December,Monday,Harmattan / Dry,Unhealthy for Sensitive Groups
2022-12-27,70.35833333333333,46.04583333333333,579.2083333333334,6.120833333333334,7.587499999999999,100.375,0.5541666666666667,19.041666666666668,1.7020833333333334,126.5,76.95833333333333,2022,12,December,Tuesday,Harmattan / Dry,Unhealthy for Sensitive Groups
2022-12-28,76.94166666666666,49.45,523.7083333333334,6.529166666666666,7.295833333333333,90.04166666666667,0.47375,26.20833333333333,1.7666666666666666,128.91666666666666,77.66666666666667,2022,12,December,Wednesday,Harmattan / Dry,Unhealthy for Sensitive Groups
2022-12-29,80.10416666666667,51.39166666666667,514.4583333333334,6.1000000000000005,8.758333333333333,102.75,0.4908333333333333,28.45833333333333,1.7458333333333331,142.375,81.95833333333333,2022,12,December,Thursday,Harmattan / Dry,Unhealthy for Sensitive Groups
2022-12-30,82.28750000000001,53.94166666666666,648.1666666666666,8.887500000000001,5.9750000000000005,101.75,0.5308333333333334,25.45833333333333,1.7291666666666667,135.0,79.54166666666667,2022,12,December,Friday,Harmattan / Dry,Unhealthy for Sensitive Groups
2022-12-31,110.63333333333333,73.07916666666667,946.375,17.895833333333332,6.608333333333333,116.20833333333331,0.7012499999999999,32.125,1.4583333333333333,154.25,91.08333333333331,2022,12,December,Saturday,Harmattan / Dry,Unhealthy
2023-01-01,125.94583333333333,85.5,1111.625,19.654166666666665,7.5625,107.625,0.6433333333333333,27.125,1.70625,166.125,108.95833333333331,2023,1,January,Sunday,Harmattan / Dry,Unhealthy
2023-01-02,93.91666666666669,63.6375,708.1666666666666,6.020833333333333,8.033333333333333,125.45833333333331,0.7929166666666667,21.291666666666668,1.4,156.95833333333334,94.91666666666669,2023,1,January,Monday,Harmattan / Dry,Unhealthy
2023-01-03,96.1625,63.15,661.6666666666666,5.716666666666666,8.220833333333333,117.0,0.765,32.25,1.4625,154.375,91.08333333333331,2023,1,January,Tuesday,Harmattan / Dry,Unhealthy
2023-01-04,108.6,71.66250000000001,751.5416666666666,6.15,11.033333333333331,126.08333333333331,0.7400000000000001,32.625,1.5583333333333331,157.25,95.25,2023,1,January,Wednesday,Harmattan / Dry,Unhealthy
2023-01-05,105.77916666666664,71.58749999999999,640.875,4.758333333333334,7.4875,121.70833333333331,1.1075000000000002,28.70833333333333,1.0958333333333334,156.70833333333334,94.54166666666669,2023,1,January,Thursday,Harmattan / Dry,Unhealthy
2023-01-06,88.79583333333333,59.12083333333334,486.2916666666667,8.183333333333334,4.704166666666667,95.41666666666669,1.1325,22.416666666666668,1.0854166666666667,155.125,92.29166666666669,2023,1,January,Friday,Harmattan / Dry,Unhealthy
2023-01-07,97.44583333333333,65.375,549.0833333333334,9.8375,5.3875,93.875,0.9966666666666668,27.625,1.3666666666666665,153.41666666666666,89.45833333333333,2023,1,January,Saturday,Harmattan / Dry,Unhealthy
2023-01-08,96.2375,65.09166666666667,536.2916666666666,8.679166666666667,4.658333333333333,93.0,1.0004166666666667,25.33333333333333,1.2229166666666669,155.54166666666666,92.875,2023,1,January,Sunday,Harmattan / Dry,Unhealthy
2023-01-09,75.81666666666666,50.6125,469.8333333333333,4.454166666666667,5.2125,93.375,0.7645833333333333,22.08333333333333,1.4375,151.45833333333334,88.0,2023,1,January,Monday,Harmattan / Dry,Unhealthy
2023-01-10,65.41666666666667,42.41666666666666,435.9166666666667,4.516666666666667,5.791666666666667,95.125,0.6833333333333332,21.291666666666668,1.5729166666666667,120.125,74.70833333333333,2023,1,January,Tuesday,Harmattan / Dry,Unhealthy for Sensitive Groups
2023-01-11,65.325,43.73333333333333,428.125,4.595833333333333,5.875,90.04166666666667,0.7454166666666667,16.333333333333332,1.4479166666666667,123.83333333333331,76.125,2023,1,January,Wednesday,Harmattan / Dry,Unhealthy for Sensitive Groups
2023-01-12,88.35416666666667,58.39166666666667,525.125,5.929166666666667,7.629166666666666,107.16666666666669,0.87,25.375,1.4166666666666667,128.66666666666666,77.58333333333333,2023,1,January,Thursday,Harmattan / Dry,Unhealthy for Sensitive Groups
2023-01-13,86.825,57.225,526.75,4.941666666666666,6.783333333333334,114.25,0.8183333333333334,20.875,1.4333333333333331,154.04166666666666,90.54166666666669,2023,1,January,Friday,Harmattan / Dry,Unhealthy
2023-01-14,65.36666666666666,43.29166666666666,452.5833333333333,4.808333333333334,6.441666666666666,98.5,0.7570833333333334,14.083333333333334,1.2041666666666666,132.41666666666666,78.83333333333333,2023,1,January,Saturday,Harmattan / Dry,Unhealthy for Sensitive Groups
2023-01-15,66.76666666666667,44.25,474.375,6.533333333333334,5.108333333333333,96.625,0.8683333333333333,13.791666666666666,1.2645833333333334,120.08333333333331,74.875,2023,1,January,Sunday,Harmattan / Dry,Unhealthy for Sensitive Groups
2023-01-16,62.97916666666666,41.7125,621.6666666666666,11.325,4.970833333333333,95.70833333333331,0.645,15.375,1.7854166666666669,117.95833333333331,74.125,2023,1,January,Monday,Harmattan / Dry,Unhealthy for Sensitive Groups
2023-01-17,66.02083333333333,43.53333333333333,552.1666666666666,9.433333333333334,4.929166666666666,95.45833333333331,0.72125,14.916666666666666,1.5333333333333332,119.79166666666669,74.58333333333333,2023,1,January,Tuesday,Harmattan / Dry,Unhealthy for Sensitive Groups
2023-01-18,57.833333333333336,38.516666666666666,546.625,8.991666666666667,5.291666666666667,95.58333333333331,0.7062499999999999,11.25,1.5666666666666669,116.70833333333331,73.58333333333333,2023,1,January,Wednesday,Harmattan / Dry,Unhealthy for Sensitive Groups
2023-01-19,67.43333333333332,45.20416666666667,522.3333333333334,8.745833333333334,5.029166666666667,92.125,0.9041666666666668,13.416666666666666,1.2416666666666667,109.20833333333331,71.41666666666667,2023,1,January,Thursday,Harmattan / Dry,Unhealthy for Sensitive Groups
2023-01-20,62.2625,41.61666666666667,477.8333333333333,8.158333333333333,4.683333333333334,86.41666666666667,0.8329166666666666,10.916666666666666,1.2270833333333333,127.45833333333331,77.20833333333333,2023,1,January,Friday,Harmattan / Dry,Unhealthy for Sensitive Groups
2023-01-21,45.9375,30.666666666666668,477.4583333333333,9.441666666666666,4.483333333333333,77.16666666666667,0.6629166666666667,6.375,1.15,101.25,68.625,2023,1,January,Saturday,Harmattan / Dry,Unhealthy for Sensitive Groups
2023-01-22,46.75416666666666,31.516666666666666,413.6666666666667,5.675,6.1000000000000005,78.5,0.6316666666666667,5.958333333333333,1.3958333333333333,87.41666666666667,63.66666666666666,2023,1,January,Sunday,Harmattan / Dry,Moderate
2023-01-23,43.15833333333333,28.9375,404.3333333333333,4.9750000000000005,6.025,77.83333333333333,0.4883333333333333,4.958333333333333,1.6770833333333333,91.33333333333331,65.125,2023,1,January,Monday,Harmattan / Dry,Moderate
2023-01-24,45.71666666666667,30.34583333333333,408.1666666666667,5.466666666666666,6.379166666666666,76.58333333333333,0.5620833333333334,5.458333333333333,1.6270833333333332,83.91666666666667,62.333333333333336,2023,1,January,Tuesday,Harmattan / Dry,Moderate
2023-01-25,46.07083333333333,30.40416666666667,374.625,3.975,3.904166666666667,72.45833333333333,0.63125,6.833333333333333,1.4333333333333331,91.41666666666669,65.16666666666667,2023,1,January,Wednesday,Harmattan / Dry,Moderate
2023-01-26,37.94166666666667,24.991666666666664,327.5416666666667,2.3000000000000003,2.033333333333333,67.83333333333333,0.6608333333333333,5.375,1.2895833333333333,82.875,61.875,2023,1,January,Thursday,Harmattan / Dry,Moderate
2023-01-27,36.09166666666667,23.70833333333333,323.2916666666667,2.066666666666667,2.504166666666667,70.29166666666667,0.5825,4.916666666666667,1.04375,76.45833333333333,57.75,2023,1,January,Friday,Harmattan / Dry,Moderate
2023-01-28,36.59166666666667,24.320833333333336,353.9583333333333,4.141666666666667,3.520833333333333,65.25,0.66,3.583333333333333,0.8770833333333333,71.95833333333333,49.29166666666666,2023,1,January,Saturday,Harmattan / Dry,Moderate
2023-01-29,52.05,35.49166666666667,478.0,6.666666666666667,6.179166666666667,70.58333333333333,0.655,4.291666666666667,0.9854166666666666,90.54166666666669,64.75,2023,1,January,Sunday,Harmattan / Dry,Moderate
2023-01-30,54.825,37.74166666666667,528.4583333333334,5.495833333333334,4.9,72.20833333333333,0.7654166666666667,3.875,0.99375,110.08333333333331,71.625,2023,1,January,Monday,Harmattan / Dry,Unhealthy for Sensitive Groups
2023-01-31,36.266666666666666,24.2,361.375,3.720833333333333,3.983333333333333,75.54166666666667,0.5566666666666666,3.1666666666666665,1.4520833333333334,85.33333333333333,62.083333333333336,2023,1,January,Tuesday,Harmattan / Dry,Moderate
2023-02-01,40.55833333333333,26.633333333333336,335.7083333333333,4.204166666666667,4.420833333333333,62.375,0.5,4.666666666666667,1.5750000000000002,78.33333333333333,59.29166666666666,2023,2,February,Wednesday,Harmattan / Dry,Moderate
2023-02-02,50.67916666666667,33.90416666666667,407.0833333333333,4.883333333333334,5.379166666666666,66.16666666666667,0.5925,3.875,1.6229166666666668,87.54166666666667,63.625,2023,2,February,Thursday,Harmattan / Dry,Moderate
2023-02-03,60.225,40.2875,458.6666666666667,6.883333333333333,8.775,72.95833333333333,0.7145833333333332,7.625,1.6958333333333335,105.45833333333331,70.08333333333333,2023,2,February,Friday,Harmattan / Dry,Unhealthy for Sensitive Groups
2023-02-04,48.9,32.333333333333336,433.375,6.375,6.9875,65.25,0.87,8.083333333333334,1.0583333333333331,103.45833333333331,69.45833333333333,2023,2,February,Saturday,Harmattan / Dry,Unhealthy for Sensitive Groups
2023-02-05,46.1375,29.866666666666664,388.9166666666667,4.866666666666666,6.204166666666667,74.91666666666667,0.7316666666666666,11.625,1.48125,88.04166666666667,63.875,2023,2,February,Sunday,Harmattan / Dry,Moderate
2023-02-06,36.3125,23.27083333333333,347.5,4.891666666666667,5.591666666666666,64.66666666666667,0.62875,6.625,0.65,83.25,61.41666666666666,2023,2,February,Monday,Harmattan / Dry,Moderate
2023-02-07,42.895833333333336,27.65833333333333,389.875,5.916666666666667,5.8625,63.083333333333336,0.6070833333333333,7.291666666666667,1.3020833333333333,79.375,59.125,2023,2,February,Tuesday,Harmattan / Dry,Moderate
2023-02-08,40.954166666666666,26.554166666666664,361.875,5.95,6.4625,56.5,0.6366666666666666,6.916666666666667,1.4791666666666667,80.41666666666667,61.04166666666666,2023,2,February,Wednesday,Harmattan / Dry,Moderate
2023-02-09,43.145833333333336,28.40416666666667,387.0416666666667,5.891666666666667,6.454166666666667,57.875,0.655,7.5,1.5645833333333332,85.70833333333333,63.0,2023,2,February,Thursday,Harmattan / Dry,Moderate
2023-02-10,43.68333333333334,28.025,382.375,5.3625,6.529166666666666,67.95833333333333,0.6716666666666667,10.875,1.6625,82.54166666666667,61.79166666666666,2023,2,February,Friday,Harmattan / Dry,Moderate
2023-02-11,45.99166666666667,28.77916666666667,360.875,4.9125000000000005,6.008333333333333,68.45833333333333,0.5779166666666666,15.458333333333334,1.7625,83.95833333333333,62.125,2023,2,February,Saturday,Harmattan / Dry,Moderate
2023-02-12,58.47916666666666,36.525,369.125,5.233333333333333,6.4125000000000005,74.29166666666667,0.6358333333333334,20.625,1.84375,93.41666666666669,65.91666666666667,2023,2,February,Sunday,Harmattan / Dry,Moderate
2023-02-13,66.56666666666666,40.3125,376.25,5.004166666666666,6.2250000000000005,75.95833333333333,0.8566666666666666,31.416666666666668,1.6458333333333333,107.58333333333331,70.79166666666667,2023,2,February,Monday,Harmattan / Dry,Unhealthy for Sensitive Groups
2023-02-14,72.05416666666666,43.55,409.625,5.420833333333333,6.195833333333333,79.33333333333333,0.83,35.291666666666664,1.6729166666666666,113.70833333333331,72.75,2023,2,February,Tuesday,Harmattan / Dry,Unhealthy for Sensitive Groups
2023-02-15,78.675,46.82916666666667,419.4166666666667,4.795833333333333,6.079166666666667,89.33333333333333,0.7883333333333334,44.5,1.7208333333333332,121.875,75.41666666666667,2023,2,February,Wednesday,Harmattan / Dry,Unhealthy for Sensitive Groups
2023-02-16,81.88333333333334,49.02916666666667,412.0,4.895833333333333,5.925,84.45833333333333,0.8779166666666667,43.208333333333336,1.71875,133.0,79.04166666666667,2023,2,February,Thursday,Harmattan / Dry,Unhealthy for Sensitive Groups
2023-02-17,111.99583333333334,70.53333333333333,474.5,5.704166666666667,6.6375,93.08333333333331,1.0,54.41666666666666,1.5125000000000002,148.04166666666666,86.125,2023,2,February,Friday,Harmattan / Dry,Unhealthy for Sensitive Groups
2023-02-18,146.87916666666666,93.79583333333332,576.875,7.433333333333334,9.979166666666666,101.95833333333331,1.0641666666666667,65.25,1.5958333333333332,166.58333333333334,109.5,2023,2,February,Saturday,Harmattan / Dry,Unhealthy
2023-02-19,123.84166666666664,80.39166666666667,485.5,5.745833333333334,7.458333333333333,94.54166666666669,1.27125,54.458333333333336,1.40625,163.83333333333334,105.45833333333331,2023,2,February,Sunday,Harmattan / Dry,Unhealthy
2023-02-20,131.52916666666667,88.7,510.0833333333333,5.408333333333334,6.916666666666667,87.75,1.40625,45.625,1.3708333333333331,166.83333333333334,109.91666666666669,2023,2,February,Monday,Harmattan / Dry,Unhealthy
2023-02-21,110.8375,74.15833333333333,470.0416666666667,4.1125,5.458333333333333,89.33333333333333,1.4079166666666667,36.91666666666666,1.2666666666666668,164.875,107.04166666666669,2023,2,February,Tuesday,Harmattan / Dry,Unhealthy
2023-02-22,62.36666666666667,40.458333333333336,398.125,4.004166666666666,5.170833333333333,83.08333333333333,1.42,19.75,1.1958333333333333,138.70833333333334,83.66666666666667,2023,2,February,Wednesday,Harmattan / Dry,Unhealthy for Sensitive Groups
2023-02-23,83.02083333333333,55.67916666666667,452.9166666666667,5.65,7.0375000000000005,85.04166666666667,1.6908333333333332,19.83333333333333,0.7791666666666667,125.66666666666669,76.58333333333333,2023,2,February,Thursday,Harmattan / Dry,Unhealthy for Sensitive Groups
2023-02-24,76.83749999999999,52.11666666666667,414.5416666666667,5.345833333333334,6.245833333333334,76.0,1.3875,17.958333333333332,0.8916666666666666,149.29166666666666,84.625,2023,2,February,Friday,Harmattan / Dry,Unhealthy for Sensitive Groups
2023-02-25,55.69583333333333,37.9625,379.6666666666667,5.470833333333334,6.416666666666667,66.79166666666667,1.0970833333333332,9.833333333333334,0.7000000000000001,131.29166666666666,78.375,2023,2,February,Saturday,Harmattan / Dry,Unhealthy for Sensitive Groups
2023-02-26,49.80416666666667,34.0875,445.3333333333333,6.0875,6.820833333333333,69.54166666666667,0.79625,8.25,1.5645833333333332,100.66666666666669,68.70833333333333,2023,2,February,Sunday,Harmattan / Dry,Unhealthy for Sensitive Groups
2023-02-27,40.704166666666666,27.3875,409.4583333333333,5.104166666666667,5.425,69.83333333333333,0.7029166666666667,7.458333333333333,1.4958333333333331,88.0,63.875,2023,2,February,Monday,Harmattan / Dry,Moderate
2023-02-28,42.266666666666666,28.275,416.875,5.4750000000000005,5.8500000000000005,66.54166666666667,0.64625,6.958333333333333,1.1791666666666667,83.54166666666667,62.208333333333336,2023,2,February,Tuesday,Harmattan / Dry,Moderate
2023-03-01,46.1,30.741666666666664,399.7916666666667,4.858333333333333,5.8125,72.375,0.6083333333333333,6.916666666666667,1.80625,85.375,63.083333333333336,2023,3,March,Wednesday,Transition,Moderate
2023-03-02,49.67083333333333,32.854166666666664,378.8333333333333,4.695833333333334,5.0125,62.16666666666666,0.7208333333333333,9.875,1.3041666666666667,91.25,65.16666666666667,2023,3,March,Thursday,Transition,Moderate
2023-03-03,62.01666666666667,41.458333333333336,459.875,8.700000000000001,7.25,52.54166666666666,1.02125,8.875,0.9895833333333334,106.58333333333331,70.41666666666667,2023,3,March,Friday,Transition,Unhealthy for Sensitive Groups
2023-03-04,70.24583333333334,48.60416666666666,694.9583333333334,14.725,11.983333333333334,47.083333333333336,0.8070833333333334,2.2916666666666665,0.7416666666666667,132.33333333333334,78.75,2023,3,March,Saturday,Transition,Unhealthy for Sensitive Groups
2023-03-05,53.1125,36.8625,558.2083333333334,10.075,7.025,51.833333333333336,0.7366666666666667,1.5833333333333333,1.4854166666666666,114.75,73.125,2023,3,March,Sunday,Transition,Unhealthy for Sensitive Groups
2023-03-06,47.65416666666667,33.020833333333336,607.7916666666666,13.579166666666666,9.458333333333334,43.79166666666666,0.6666666666666666,1.125,0.6375000000000001,97.79166666666669,67.45833333333333,2023,3,March,Monday,Transition,Moderate
2023-03-07,37.2375,25.40833333333333,484.1666666666667,7.875,7.1125,54.583333333333336,0.4925,1.0416666666666667,1.7520833333333332,88.875,64.16666666666667,2023,3,March,Tuesday,Transition,Moderate
2023-03-08,39.06666666666667,25.725,353.0,7.183333333333334,6.9125000000000005,46.375,0.4995833333333333,2.0416666666666665,1.41875,75.75,56.25,2023,3,March,Wednesday,Transition,Moderate
2023-03-09,34.75833333333333,23.229166666666668,382.2916666666667,7.679166666666667,8.179166666666667,50.66666666666666,0.4679166666666667,2.583333333333333,1.3,75.83333333333333,56.04166666666666,2023,3,March,Thursday,Transition,Moderate
2023-03-10,42.87083333333334,28.433333333333334,417.25,7.558333333333334,9.070833333333333,57.91666666666666,0.5029166666666667,5.791666666666667,2.10625,79.75,59.75,2023,3,March,Friday,Transition,Moderate
2023-03-11,51.17916666666667,33.75833333333333,482.875,13.275,6.841666666666666,41.75,0.4837499999999999,7.833333333333333,1.5208333333333333,91.58333333333331,65.29166666666667,2023,3,March,Saturday,Transition,Moderate
2023-03-12,39.0125,24.504166666666663,473.5,11.525,5.991666666666667,46.0,0.42625,11.333333333333334,2.027083333333333,85.5,62.91666666666666,2023,3,March,Sunday,Transition,Moderate
2023-03-13,41.22083333333333,25.954166666666666,334.7916666666667,6.175,6.733333333333333,55.0,0.4216666666666666,9.166666666666666,2.004166666666667,77.95833333333333,58.833333333333336,2023,3,March,Monday,Transition,Moderate
2023-03-14,55.72916666666666,34.979166666666664,427.1666666666667,8.308333333333334,9.1625,58.41666666666666,0.4949999999999999,13.75,1.39375,84.95833333333333,62.79166666666666,2023,3,March,Tuesday,Transition,Moderate
2023-03-15,57.65,38.15,545.9583333333334,11.420833333333334,9.979166666666666,54.66666666666666,0.5812499999999999,9.208333333333334,1.075,111.625,72.125,2023,3,March,Wednesday,Transition,Unhealthy for Sensitive Groups
2023-03-16,47.40416666666667,32.19166666666667,567.9583333333334,11.3125,9.854166666666666,55.208333333333336,0.4266666666666667,3.8333333333333335,1.2208333333333334,95.875,66.875,2023,3,March,Thursday,Transition,Moderate
2023-03-17,68.89166666666667,46.05833333333334,794.0416666666666,11.675,10.625,55.833333333333336,0.5020833333333333,7.458333333333333,1.7166666666666668,123.08333333333331,75.75,2023,3,March,Friday,Transition,Unhealthy for Sensitive Groups
2023-03-18,37.48333333333333,24.125,397.5,8.633333333333333,7.175,55.875,0.4975,6.125,1.3625,83.45833333333333,55.54166666666666,2023,3,March,Saturday,Transition,Moderate
2023-03-19,53.86666666666667,35.358333333333334,543.0416666666666,11.329166666666666,11.229166666666666,52.125,0.4195833333333333,5.333333333333333,1.3625,91.70833333333331,65.16666666666667,2023,3,March,Sunday,Transition,Moderate
2023-03-20,59.63333333333333,38.891666666666666,533.3333333333334,9.370833333333334,10.5,54.29166666666666,0.3654166666666666,8.708333333333334,2.0604166666666663,115.0,73.16666666666667,2023,3,March,Monday,Transition,Unhealthy for Sensitive Groups
2023-03-21,40.925,27.320833333333336,314.6666666666667,5.141666666666667,3.8541666666666665,40.083333333333336,0.3899999999999999,4.416666666666667,1.3145833333333334,84.04166666666667,61.625,2023,3,March,Tuesday,Transition,Moderate
2023-03-22,71.625,50.1375,630.8333333333334,6.145833333333333,4.841666666666667,56.958333333333336,0.3258333333333333,1.5,1.9041666666666668,122.375,75.41666666666667,2023,3,March,Wednesday,Transition,Unhealthy for Sensitive Groups
2023-03-23,56.025,39.09583333333333,566.5833333333334,10.245833333333334,9.816666666666666,62.0,0.3575,1.0833333333333333,1.5791666666666666,119.125,74.66666666666667,2023,3,March,Thursday,Transition,Unhealthy for Sensitive Groups
2023-03-24,44.50833333333333,30.641666666666666,534.4166666666666,12.741666666666667,8.179166666666667,38.208333333333336,0.3216666666666666,0.75,0.8791666666666668,92.91666666666669,65.75,2023,3,March,Friday,Transition,Moderate
2023-03-25,33.9375,23.27083333333333,287.5,4.504166666666666,4.229166666666667,50.04166666666666,0.2241666666666666,0.0,1.7333333333333334,79.5,56.375,2023,3,March,Saturday,Transition,Moderate
2023-03-26,57.28333333333333,39.49583333333333,672.5416666666666,11.629166666666668,10.420833333333333,52.125,0.3799999999999999,0.9583333333333334,1.6916666666666669,99.25,67.54166666666667,2023,3,March,Sunday,Transition,Moderate
2023-03-27,38.829166666666666,26.525,605.4166666666666,9.7625,8.979166666666666,62.91666666666666,0.325,1.6666666666666667,2.372916666666667,90.41666666666669,64.75,2023,3,March,Monday,Transition,Moderate
2023-03-28,36.48333333333333,23.6125,423.4583333333333,10.075,4.766666666666667,50.958333333333336,0.49875,8.125,1.8979166666666665,74.41666666666667,53.708333333333336,2023,3,March,Tuesday,Transition,Moderate
2023-03-29,51.35833333333333,32.37083333333333,611.25,18.591666666666665,4.391666666666667,34.625,0.5775,12.875,1.0145833333333334,87.875,63.625,2023,3,March,Wednesday,Transition,Moderate
2023-03-30,59.925,37.34583333333333,683.4166666666666,20.329166666666666,5.145833333333333,39.708333333333336,0.5916666666666667,19.041666666666668,1.7520833333333332,98.125,67.66666666666667,2023,3,March,Thursday,Transition,Moderate
2023-03-31,72.02916666666667,45.708333333333336,523.6666666666666,10.8875,8.933333333333334,48.833333333333336,0.7041666666666666,23.83333333333333,1.3666666666666665,118.79166666666669,74.375,2023,3,March,Friday,Transition,Unhealthy for Sensitive Groups
2023-04-01,55.95,35.28333333333333,397.9166666666667,6.908333333333334,7.520833333333333,58.79166666666666,0.6875,19.791666666666668,1.3729166666666668,104.54166666666669,69.83333333333333,2023,4,April,Saturday,Rainy / Wet,Unhealthy for Sensitive Groups
2023-04-02,66.7,41.65,489.125,8.049999999999999,8.670833333333333,61.083333333333336,0.8166666666666668,22.875,1.6208333333333331,114.16666666666669,72.95833333333333,2023,4,April,Sunday,Rainy / Wet,Unhealthy for Sensitive Groups
2023-04-03,49.98333333333333,32.92916666666667,584.7916666666666,16.341666666666665,4.4,41.875,0.8929166666666667,11.833333333333334,0.725,100.20833333333331,68.125,2023,4,April,Monday,Rainy / Wet,Unhealthy for Sensitive Groups
2023-04-04,53.5875,35.295833333333334,673.75,18.929166666666667,4.65,47.54166666666666,0.6558333333333334,11.458333333333334,1.6875,104.54166666666669,69.70833333333333,2023,4,April,Tuesday,Rainy / Wet,Unhealthy for Sensitive Groups
2023-04-05,46.11666666666667,30.475,425.4166666666667,8.637500000000001,8.674999999999999,47.708333333333336,0.4870833333333333,6.75,1.866666666666667,90.83333333333331,65.0,2023,4,April,Wednesday,Rainy / Wet,Moderate
2023-04-06,40.575,26.96666666666667,420.2916666666667,7.529166666666666,7.458333333333333,47.958333333333336,0.4429166666666667,5.958333333333333,1.1979166666666667,87.08333333333333,63.458333333333336,2023,4,April,Thursday,Rainy / Wet,Moderate
2023-04-07,34.420833333333334,23.225,418.625,7.454166666666667,6.891666666666667,49.25,0.3891666666666666,4.958333333333333,1.85625,74.125,53.0,2023,4,April,Friday,Rainy / Wet,Moderate
2023-04-08,46.66666666666666,32.00833333333333,536.4166666666666,11.304166666666667,9.316666666666666,40.333333333333336,0.3620833333333333,3.625,1.4041666666666666,86.125,62.66666666666666,2023,4,April,Saturday,Rainy / Wet,Moderate
2023-04-09,42.454166666666666,29.441666666666663,620.5416666666666,13.7,9.283333333333331,45.083333333333336,0.3133333333333333,1.0416666666666667,1.14375,81.83333333333333,61.16666666666666,2023,4,April,Sunday,Rainy / Wet,Moderate
2023-04-10,68.64166666666667,46.975,765.6666666666666,10.041666666666666,10.9375,63.0,0.4295833333333334,4.041666666666667,1.5770833333333334,128.20833333333334,77.375,2023,4,April,Monday,Rainy / Wet,Unhealthy for Sensitive Groups
2023-04-11,42.09166666666667,27.625,382.2916666666667,6.704166666666667,5.75,48.29166666666666,0.41875,5.541666666666667,1.925,88.25,62.66666666666666,2023,4,April,Tuesday,Rainy / Wet,Moderate
2023-04-12,62.26666666666667,41.47083333333333,536.5,9.875,9.2375,50.833333333333336,0.505,6.041666666666667,1.6520833333333331,109.33333333333331,71.20833333333333,2023,4,April,Wednesday,Rainy / Wet,Unhealthy for Sensitive Groups
2023-04-13,59.30416666666667,37.60833333333333,498.75,9.591666666666669,9.516666666666667,49.833333333333336,0.6454166666666666,14.208333333333334,1.7208333333333332,100.41666666666669,68.41666666666667,2023,4,April,Thursday,Rainy / Wet,Unhealthy for Sensitive Groups
2023-04-14,67.375,41.87916666666667,535.625,11.079166666666666,8.354166666666666,53.875,0.90125,24.916666666666668,0.9833333333333334,111.45833333333331,72.125,2023,4,April,Friday,Rainy / Wet,Unhealthy for Sensitive Groups
2023-04-15,56.81666666666666,37.583333333333336,471.2916666666667,9.420833333333333,8.137500000000001,51.583333333333336,0.6091666666666667,11.125,1.6041666666666667,108.79166666666669,71.20833333333333,2023,4,April,Saturday,Rainy / Wet,Unhealthy for Sensitive Groups
2023-04-16,71.70416666666667,47.97083333333333,536.5,8.895833333333334,9.241666666666667,50.333333333333336,0.6804166666666668,10.416666666666666,1.5750000000000002,128.70833333333334,77.54166666666667,2023,4,April,Sunday,Rainy / Wet,Unhealthy for Sensitive Groups
2023-04-17,59.69166666666666,40.25833333333333,589.25,12.070833333333333,11.016666666666666,42.75,0.5345833333333333,5.75,1.325,118.41666666666669,74.25,2023,4,April,Monday,Rainy / Wet,Unhealthy for Sensitive Groups
2023-04-18,70.81666666666666,47.39166666666667,734.0416666666666,13.383333333333333,14.4,54.66666666666666,0.44875,8.25,1.9125,129.66666666666666,77.83333333333333,2023,4,April,Tuesday,Rainy / Wet,Unhealthy for Sensitive Groups
2023-04-19,48.30833333333334,31.98333333333333,485.8333333333333,9.15,8.620833333333334,48.75,0.48125,7.125,1.3333333333333333,98.83333333333331,67.58333333333333,2023,4,April,Wednesday,Rainy / Wet,Moderate
2023-04-20,48.07916666666667,33.108333333333334,613.7916666666666,9.4125,8.8375,55.333333333333336,0.3795833333333333,2.4166666666666665,1.3854166666666667,99.25,68.08333333333333,2023,4,April,Thursday,Rainy / Wet,Moderate
2023-04-21,36.81666666666667,24.4625,429.7916666666667,8.625,7.220833333333334,39.625,0.3575,2.4166666666666665,1.4479166666666667,77.66666666666667,54.16666666666666,2023,4,April,Friday,Rainy / Wet,Moderate
2023-04-22,49.75833333333333,32.5,565.5833333333334,10.845833333333331,9.129166666666666,41.125,0.44625,4.625,1.1791666666666667,94.66666666666669,66.41666666666667,2023,4,April,Saturday,Rainy / Wet,Moderate
2023-04-23,41.125,26.329166666666666,455.9166666666667,9.833333333333334,9.033333333333331,44.708333333333336,0.4275,5.916666666666667,1.2479166666666666,73.70833333333333,50.208333333333336,2023,4,April,Sunday,Rainy / Wet,Moderate
2023-04-24,52.15833333333333,35.104166666666664,542.7916666666666,8.85,9.070833333333333,56.79166666666666,0.4391666666666666,4.0,1.8729166666666668,102.04166666666669,68.875,2023,4,April,Monday,Rainy / Wet,Unhealthy for Sensitive Groups
2023-04-25,60.97083333333333,41.5875,699.6666666666666,11.941666666666668,5.508333333333333,48.708333333333336,0.5120833333333333,3.625,1.25,108.75,71.08333333333333,2023,4,April,Tuesday,Rainy / Wet,Unhealthy for Sensitive Groups
2023-04-26,40.57083333333333,26.9625,551.1666666666666,16.141666666666666,3.8625,35.75,0.4079166666666666,4.125,1.9791666666666667,94.29166666666669,66.0,2023,4,April,Wednesday,Rainy / Wet,Moderate
2023-04-27,37.24583333333333,25.054166666666664,519.625,14.045833333333334,4.0375000000000005,32.875,0.3191666666666666,3.375,0.5791666666666667,76.79166666666667,57.375,2023,4,April,Thursday,Rainy / Wet,Moderate
2023-04-28,51.025,35.13333333333333,996.3333333333334,24.29583333333333,5.866666666666667,43.29166666666666,0.35625,2.708333333333333,1.0833333333333333,89.66666666666667,64.54166666666667,2023,4,April,Friday,Rainy / Wet,Moderate
2023-04-29,41.42083333333333,27.875,673.0416666666666,15.379166666666668,4.908333333333333,50.79166666666666,0.3558333333333333,4.125,1.3229166666666667,91.45833333333331,65.20833333333333,2023,4,April,Saturday,Rainy / Wet,Moderate
2023-04-30,40.0625,25.1125,540.25,16.320833333333333,3.9625,35.416666666666664,0.4754166666666666,12.041666666666666,1.4083333333333332,80.58333333333333,61.04166666666666,2023,4,April,Sunday,Rainy / Wet,Moderate
2023-05-01,30.616666666666664,20.216666666666665,598.2916666666666,14.929166666666667,5.266666666666667,50.54166666666666,0.2741666666666666,5.916666666666667,1.3291666666666666,70.625,46.5,2023,5,May,Monday,Rainy / Wet,Moderate
2023-05-02,39.15833333333333,26.3875,505.7083333333333,9.15,8.841666666666667,58.29166666666666,0.27375,4.416666666666667,1.8020833333333333,76.75,56.083333333333336,2023,5,May,Tuesday,Rainy / Wet,Moderate
2023-05-03,47.375,31.825,439.875,8.404166666666667,8.641666666666667,45.25,0.2566666666666666,2.833333333333333,2.0875,86.41666666666667,63.16666666666666,2023,5,May,Wednesday,Rainy / Wet,Moderate
2023-05-04,46.67916666666667,31.8125,519.125,9.420833333333333,8.891666666666667,45.0,0.2529166666666667,2.0,1.3604166666666666,92.58333333333331,65.54166666666667,2023,5,May,Thursday,Rainy / Wet,Moderate
2023-05-05,57.2,39.62916666666667,702.875,12.4125,12.383333333333333,51.708333333333336,0.3354166666666667,1.5833333333333333,1.6666666666666667,99.79166666666669,68.20833333333333,2023,5,May,Friday,Rainy / Wet,Moderate
2023-05-06,69.58749999999999,48.4,1007.9583333333334,12.9375,13.766666666666666,60.0,0.34125,1.125,0.8604166666666666,123.875,76.08333333333333,2023,5,May,Saturday,Rainy / Wet,Unhealthy for Sensitive Groups
2023-05-07,65.80416666666666,45.23333333333333,832.0833333333334,11.066666666666665,10.691666666666668,48.333333333333336,0.34625,2.2916666666666665,1.929166666666667,133.70833333333334,79.20833333333333,2023,5,May,Sunday,Rainy / Wet,Unhealthy for Sensitive Groups
2023-05-08,48.64166666666667,33.22083333333333,510.4166666666667,8.870833333333334,7.7375,48.0,0.3191666666666666,2.375,2.1125000000000003,104.5,69.79166666666667,2023,5,May,Monday,Rainy / Wet,Unhealthy for Sensitive Groups
2023-05-09,46.2875,31.495833333333334,405.25,8.075000000000001,8.183333333333334,43.04166666666666,0.3745833333333333,2.1666666666666665,2.004166666666667,86.66666666666667,63.54166666666666,2023,5,May,Tuesday,Rainy / Wet,Moderate
2023-05-10,56.67083333333333,38.25,414.8333333333333,8.9125,9.6625,39.375,0.4629166666666666,2.708333333333333,1.56875,106.875,70.58333333333333,2023,5,May,Wednesday,Rainy / Wet,Unhealthy for Sensitive Groups
2023-05-11,45.14166666666667,29.96666666666667,342.8333333333333,6.854166666666667,8.045833333333333,43.958333333333336,0.4333333333333333,2.7916666666666665,1.5458333333333334,96.375,67.0,2023,5,May,Thursday,Rainy / Wet,Moderate
2023-05-12,58.40416666666667,39.31666666666667,493.7083333333333,8.729166666666666,9.8375,56.29166666666666,0.3920833333333333,3.208333333333333,2.0395833333333333,95.45833333333331,66.66666666666667,2023,5,May,Friday,Rainy / Wet,Moderate
2023-05-13,55.35416666666666,37.67916666666667,542.3333333333334,9.35,9.4625,48.66666666666666,0.4379166666666667,2.875,1.3208333333333333,114.95833333333331,73.25,2023,5,May,Saturday,Rainy / Wet,Unhealthy for Sensitive Groups
2023-05-14,42.770833333333336,28.98333333333333,388.625,6.375,7.0875,54.79166666666666,0.4291666666666667,2.25,1.7041666666666666,86.875,63.5,2023,5,May,Sunday,Rainy / Wet,Moderate
2023-05-15,57.23333333333333,39.42083333333333,511.875,10.008333333333333,7.954166666666667,42.208333333333336,0.455,1.6666666666666667,0.99375,95.66666666666669,66.625,2023,5,May,Monday,Rainy / Wet,Moderate
2023-05-16,29.4125,19.995833333333334,364.0833333333333,6.295833333333333,6.066666666666666,50.54166666666666,0.3079166666666666,1.0833333333333333,1.2375,91.83333333333331,63.16666666666666,2023,5,May,Tuesday,Rainy / Wet,Moderate
2023-05-17,35.53333333333333,24.39583333333333,425.875,6.625,6.554166666666667,53.083333333333336,0.3458333333333334,0.625,1.1625,70.0,45.54166666666666,2023,5,May,Wednesday,Rainy / Wet,Moderate
2023-05-18,51.2875,35.112500000000004,531.5416666666666,9.55,9.9375,52.79166666666666,0.3208333333333333,0.0833333333333333,1.46875,94.16666666666669,66.25,2023,5,May,Thursday,Rainy / Wet,Moderate
2023-05-19,36.266666666666666,24.475,351.4583333333333,6.0375000000000005,5.775,48.333333333333336,0.3783333333333333,1.3333333333333333,0.9104166666666668,84.875,62.66666666666666,2023,5,May,Friday,Rainy / Wet,Moderate
2023-05-20,39.35833333333333,26.820833333333336,440.125,8.741666666666667,6.716666666666666,47.54166666666666,0.32,1.2916666666666667,0.95625,75.29166666666667,55.083333333333336,2023,5,May,Saturday,Rainy / Wet,Moderate
2023-05-21,45.6875,31.204166666666666,455.2083333333333,8.483333333333333,8.491666666666667,54.16666666666666,0.3708333333333333,0.6666666666666666,1.26875,91.79166666666669,65.375,2023,5,May,Sunday,Rainy / Wet,Moderate
2023-05-22,35.916666666666664,24.616666666666664,450.125,11.525,3.9166666666666665,41.958333333333336,0.2870833333333333,0.25,0.8291666666666666,79.04166666666667,58.458333333333336,2023,5,May,Monday,Rainy / Wet,Moderate
2023-05-23,47.69166666666666,32.362500000000004,664.7916666666666,15.754166666666668,6.595833333333334,49.125,0.45125,0.5416666666666666,1.7354166666666666,93.625,65.91666666666667,2023,5,May,Tuesday,Rainy / Wet,Moderate
2023-05-24,48.40416666666667,32.45,490.875,8.620833333333334,8.416666666666666,52.66666666666666,0.5595833333333333,3.5,1.0666666666666669,90.20833333333331,64.66666666666667,2023,5,May,Wednesday,Rainy / Wet,Moderate
2023-05-25,36.6875,24.1,375.1666666666667,6.0,5.770833333333333,47.208333333333336,0.4595833333333333,3.625,1.3895833333333334,78.79166666666667,56.5,2023,5,May,Thursday,Rainy / Wet,Moderate
2023-05-26,44.71666666666667,30.5125,500.25,8.329166666666667,7.333333333333333,47.125,0.4195833333333333,2.0416666666666665,1.2583333333333333,92.16666666666669,65.20833333333333,2023,5,May,Friday,Rainy / Wet,Moderate
2023-05-27,29.34166666666667,20.204166666666666,426.625,10.225,3.520833333333333,37.04166666666666,0.3129166666666667,0.75,0.5895833333333333,70.91666666666667,45.833333333333336,2023,5,May,Saturday,Rainy / Wet,Moderate
2023-05-28,26.9125,18.066666666666663,471.5833333333333,12.695833333333333,3.0041666666666664,41.083333333333336,0.2816666666666667,1.5,1.1979166666666667,67.83333333333333,42.333333333333336,2023,5,May,Sunday,Rainy / Wet,Moderate
2023-05-29,33.62083333333333,22.620833333333334,482.4583333333333,13.341666666666669,3.6833333333333336,49.54166666666666,0.2554166666666667,0.875,1.7145833333333331,64.66666666666667,38.333333333333336,2023,5,May,Monday,Rainy / Wet,Moderate
2023-05-30,36.458333333333336,24.758333333333336,530.8333333333334,14.716666666666669,4.433333333333334,42.125,0.26375,0.25,1.7104166666666665,80.625,59.79166666666666,2023,5,May,Tuesday,Rainy / Wet,Moderate
2023-05-31,38.32083333333333,25.78333333333333,522.0833333333334,15.1,3.925,38.54166666666666,0.3445833333333333,0.4166666666666667,1.14375,72.375,50.04166666666666,2023,5,May,Wednesday,Rainy / Wet,Moderate
2023-06-01,38.45,26.22083333333333,576.625,15.8625,4.241666666666666,38.458333333333336,0.3416666666666666,0.4166666666666667,0.8479166666666668,84.95833333333333,62.79166666666666,2023,6,June,Thursday,Rainy / Wet,Moderate
2023-06-02,28.3875,19.54583333333333,449.75,12.416666666666666,3.333333333333333,39.875,0.3,0.0,0.75,69.25,44.375,2023,6,June,Friday,Rainy / Wet,Moderate
2023-06-03,39.454166666666666,27.129166666666663,639.7916666666666,17.275000000000002,4.2375,41.083333333333336,0.34125,0.0,1.1125,77.5,56.458333333333336,2023,6,June,Saturday,Rainy / Wet,Moderate
2023-06-04,32.7125,22.72083333333333,507.9583333333333,12.170833333333334,3.0666666666666664,41.375,0.3520833333333333,0.4583333333333333,0.7604166666666666,71.0,47.333333333333336,2023,6,June,Sunday,Rainy / Wet,Moderate
2023-06-05,36.47916666666666,25.195833333333336,549.3333333333334,15.854166666666666,3.470833333333333,35.416666666666664,0.3333333333333333,0.2083333333333333,0.8125,77.83333333333333,58.54166666666666,2023,6,June,Monday,Rainy / Wet,Moderate
2023-06-06,35.93333333333333,24.8125,510.1666666666667,13.545833333333334,3.125,39.04166666666666,0.2533333333333333,0.25,0.7749999999999999,75.45833333333333,55.54166666666666,2023,6,June,Tuesday,Rainy / Wet,Moderate
2023-06-07,39.85416666666666,27.3375,553.8333333333334,16.383333333333333,3.533333333333333,34.958333333333336,0.2483333333333333,0.0,0.6583333333333333,78.66666666666667,59.958333333333336,2023,6,June,Wednesday,Rainy / Wet,Moderate
2023-06-08,36.016666666666666,24.4125,467.9166666666667,14.666666666666666,2.770833333333333,39.458333333333336,0.28875,0.0,0.6541666666666667,81.125,61.208333333333336,2023,6,June,Thursday,Rainy / Wet,Moderate
2023-06-09,37.875,25.20833333333333,476.5416666666667,13.4375,3.6833333333333336,53.25,0.4520833333333333,0.0,1.3583333333333334,79.45833333333333,60.41666666666666,2023,6,June,Friday,Rainy / Wet,Moderate
2023-06-10,44.7375,29.96666666666667,556.875,15.191666666666668,3.7083333333333335,54.083333333333336,0.4004166666666666,0.0,1.16875,84.33333333333333,62.54166666666666,2023,6,June,Saturday,Rainy / Wet,Moderate
2023-06-11,43.770833333333336,28.766666666666666,500.4583333333333,11.154166666666669,6.858333333333333,59.583333333333336,0.3587499999999999,0.0,0.8270833333333334,83.29166666666667,62.083333333333336,2023,6,June,Sunday,Rainy / Wet,Moderate
2023-06-12,45.4375,31.275,578.375,9.758333333333333,7.870833333333334,57.958333333333336,0.4004166666666666,0.0,1.05625,91.45833333333331,65.125,2023,6,June,Monday,Rainy / Wet,Moderate
2023-06-13,53.3375,36.82083333333333,651.4166666666666,13.320833333333333,10.366666666666667,45.208333333333336,0.3587499999999999,0.0,1.0854166666666667,96.04166666666669,67.0,2023,6,June,Tuesday,Rainy / Wet,Moderate
2023-06-14,51.19583333333333,35.12916666666667,581.2916666666666,10.85,8.383333333333333,46.125,0.3799999999999999,0.0,0.9333333333333332,110.04166666666669,71.54166666666667,2023,6,June,Wednesday,Rainy / Wet,Unhealthy for Sensitive Groups
2023-06-15,36.6375,24.966666666666665,471.3333333333333,12.291666666666666,3.8,43.29166666666666,0.2558333333333333,0.0,1.0,80.95833333333333,59.0,2023,6,June,Thursday,Rainy / Wet,Moderate
2023-06-16,42.93333333333334,29.59583333333333,689.0416666666666,15.2375,7.420833333333333,52.54166666666666,0.3225,0.0,1.63125,85.5,63.0,2023,6,June,Friday,Rainy / Wet,Moderate
2023-06-17,43.775,30.4375,557.875,11.35,7.7875,42.75,0.3716666666666666,0.0,1.0479166666666666,90.75,65.04166666666667,2023,6,June,Saturday,Rainy / Wet,Moderate
2023-06-18,36.65416666666667,25.354166666666668,421.25,8.020833333333334,5.995833333333334,46.625,0.4058333333333333,0.875,1.2541666666666669,77.25,57.125,2023,6,June,Sunday,Rainy / Wet,Moderate
2023-06-19,35.40833333333333,24.266666666666666,468.4166666666667,10.208333333333334,7.5375,46.54166666666666,0.32125,0.6666666666666666,1.0375,76.66666666666667,57.083333333333336,2023,6,June,Monday,Rainy / Wet,Moderate
2023-06-20,39.82083333333333,27.070833333333336,494.6666666666667,10.9625,7.170833333333333,42.208333333333336,0.3058333333333333,0.3333333333333333,0.6604166666666667,80.79166666666667,61.083333333333336,2023,6,June,Tuesday,Rainy / Wet,Moderate
2023-06-21,38.57083333333333,26.433333333333334,473.6666666666667,9.154166666666669,6.775,49.66666666666666,0.2841666666666667,0.0,0.7291666666666666,81.70833333333333,61.54166666666666,2023,6,June,Wednesday,Rainy / Wet,Moderate
2023-06-22,31.7,21.78333333333333,440.625,8.025,5.4625,52.75,0.28375,0.125,0.7354166666666666,75.33333333333333,54.5,2023,6,June,Thursday,Rainy / Wet,Moderate
2023-06-23,31.55416666666667,21.1625,369.125,9.154166666666669,2.525,51.125,0.3091666666666666,0.2083333333333333,1.0625,70.0,45.5,2023,6,June,Friday,Rainy / Wet,Moderate
2023-06-24,36.97916666666666,23.679166666666664,412.875,10.779166666666669,3.1333333333333333,46.625,0.4095833333333333,0.0,1.1041666666666667,75.20833333333333,55.25,2023,6,June,Saturday,Rainy / Wet,Moderate
2023-06-25,33.6375,21.84583333333333,366.9166666666667,9.208333333333334,3.704166666666667,51.16666666666666,0.6116666666666667,1.0,1.5604166666666668,70.41666666666667,46.41666666666666,2023,6,June,Sunday,Rainy / Wet,Moderate
2023-06-26,32.2,21.45833333333333,419.4583333333333,11.25,3.7916666666666665,48.583333333333336,0.5475,1.3333333333333333,1.1395833333333334,70.25,46.083333333333336,2023,6,June,Monday,Rainy / Wet,Moderate
2023-06-27,25.266666666666666,17.033333333333335,331.5416666666667,6.9,2.020833333333333,35.708333333333336,0.22125,0.25,0.5187499999999999,65.66666666666667,39.208333333333336,2023,6,June,Tuesday,Rainy / Wet,Moderate
2023-06-28,33.9375,23.0625,408.9166666666667,6.5875,1.7958333333333334,35.25,0.23875,0.0,0.5395833333333334,64.125,37.41666666666666,2023,6,June,Wednesday,Rainy / Wet,Moderate
2023-06-29,34.97083333333333,23.89583333333333,484.7083333333333,7.0,1.8916666666666664,38.833333333333336,0.3008333333333333,0.0,0.8937499999999999,80.04166666666667,60.41666666666666,2023,6,June,Thursday,Rainy / Wet,Moderate
2023-06-30,28.52083333333333,19.78333333333333,452.75,6.075,1.6208333333333331,39.5,0.2920833333333333,0.0,1.35,68.125,42.833333333333336,2023,6,June,Friday,Rainy / Wet,Moderate
2023-07-01,27.46666666666667,18.8625,393.875,5.7875000000000005,1.65,43.0,0.3204166666666667,0.4583333333333333,1.0958333333333334,68.79166666666667,43.333333333333336,2023,7,July,Saturday,Rainy / Wet,Moderate
2023-07-02,30.383333333333336,20.258333333333333,383.4166666666667,5.8875,1.6625,39.16666666666666,0.2379166666666666,0.0416666666666666,1.31875,61.0,34.458333333333336,2023,7,July,Sunday,Rainy / Wet,Moderate
2023-07-03,29.416666666666668,19.679166666666667,371.0833333333333,5.820833333333333,1.6125,40.79166666666666,0.3470833333333333,0.0833333333333333,1.21875,71.29166666666667,47.708333333333336,2023,7,July,Monday,Rainy / Wet,Moderate
2023-07-04,24.304166666666664,16.662499999999998,369.75,5.395833333333333,1.4041666666666668,33.666666666666664,0.4045833333333333,0.0,0.8375,60.458333333333336,33.708333333333336,2023,7,July,Tuesday,Rainy / Wet,Moderate
2023-07-05,33.733333333333334,23.429166666666664,499.3333333333333,7.675,2.0375,36.875,0.3691666666666666,0.0,0.6208333333333333,63.833333333333336,37.125,2023,7,July,Wednesday,Rainy / Wet,Moderate
2023-07-06,58.16666666666666,40.28333333333334,757.2083333333334,10.9,1.8708333333333331,42.625,0.4479166666666667,0.9583333333333334,1.4604166666666665,114.08333333333331,72.58333333333333,2023,7,July,Thursday,Rainy / Wet,Unhealthy for Sensitive Groups
2023-07-07,26.85833333333333,18.20833333333333,429.0416666666667,5.970833333333334,1.6875,47.04166666666666,0.3808333333333333,1.2916666666666667,1.3604166666666666,70.375,43.083333333333336,2023,7,July,Friday,Rainy / Wet,Moderate
2023-07-08,21.104166666666668,14.3625,414.5833333333333,5.525,1.3833333333333335,43.833333333333336,0.22375,0.0,0.5,59.25,32.625,2023,7,July,Saturday,Rainy / Wet,Moderate
2023-07-09,26.329166666666666,18.0625,483.125,6.470833333333334,1.9541666666666664,50.958333333333336,0.2391666666666666,0.0,0.8312499999999999,61.91666666666666,35.166666666666664,2023,7,July,Sunday,Rainy / Wet,Moderate
2023-07-10,25.254166666666663,17.537499999999998,478.75,6.254166666666666,1.8583333333333332,52.91666666666666,0.2708333333333333,0.0,1.5625,62.75,36.04166666666666,2023,7,July,Monday,Rainy / Wet,Moderate
2023-07-11,28.97083333333333,19.808333333333334,418.7083333333333,6.1375,1.625,41.29166666666666,0.33125,0.0416666666666666,0.875,61.333333333333336,34.708333333333336,2023,7,July,Tuesday,Rainy / Wet,Moderate
2023-07-12,23.7,16.287499999999998,418.7083333333333,6.204166666666667,1.6208333333333331,44.583333333333336,0.2066666666666666,0.0,0.7895833333333333,63.458333333333336,36.75,2023,7,July,Wednesday,Rainy / Wet,Moderate
2023-07-13,30.729166666666668,20.941666666666663,447.9583333333333,6.533333333333334,1.9583333333333333,48.75,0.2691666666666666,0.0,0.975,63.583333333333336,36.833333333333336,2023,7,July,Thursday,Rainy / Wet,Moderate
2023-07-14,29.2125,20.204166666666666,464.5833333333333,7.175,1.8333333333333333,46.75,0.32875,0.0,1.01875,66.83333333333333,40.54166666666666,2023,7,July,Friday,Rainy / Wet,Moderate
2023-07-15,33.800000000000004,23.491666666666664,505.0833333333333,7.579166666666667,1.9666666666666668,46.66666666666666,0.4025,0.0,1.1375,75.66666666666667,55.833333333333336,2023,7,July,Saturday,Rainy / Wet,Moderate
2023-07-16,36.7625,25.620833333333334,563.1666666666666,8.129166666666666,2.216666666666667,43.54166666666666,0.39125,0.125,1.0541666666666667,80.45833333333333,60.25,2023,7,July,Sunday,Rainy / Wet,Moderate
2023-07-17,26.541666666666668,18.258333333333333,435.6666666666667,6.354166666666667,1.725,47.25,0.32375,0.2083333333333333,1.0354166666666669,65.66666666666667,40.208333333333336,2023,7,July,Monday,Rainy / Wet,Moderate
2023-07-18,22.2875,15.308333333333332,366.0416666666667,5.183333333333334,1.3958333333333333,44.583333333333336,0.3974999999999999,0.375,1.29375,59.375,32.75,2023,7,July,Tuesday,Rainy / Wet,Moderate
2023-07-19,30.804166666666664,21.041666666666668,425.1666666666667,6.895833333333333,1.7083333333333333,37.833333333333336,0.50125,0.0,0.8291666666666666,59.54166666666666,32.916666666666664,2023,7,July,Wednesday,Rainy / Wet,Moderate
2023-07-20,29.3625,20.0875,415.5833333333333,6.3125,1.625,42.79166666666666,0.4383333333333333,0.0,1.0979166666666669,72.0,49.25,2023,7,July,Thursday,Rainy / Wet,Moderate
2023-07-21,31.008333333333336,21.4625,457.125,6.6000000000000005,1.7916666666666667,39.29166666666666,0.3479166666666666,0.0416666666666666,1.20625,71.70833333333333,48.75,2023,7,July,Friday,Rainy / Wet,Moderate
2023-07-22,32.575,21.625,397.4166666666667,5.3375,1.5625,47.958333333333336,0.3895833333333333,0.0,1.0166666666666668,64.5,37.833333333333336,2023,7,July,Saturday,Rainy / Wet,Moderate
2023-07-23,36.28333333333333,24.391666666666666,461.8333333333333,6.8500000000000005,1.9041666666666668,47.16666666666666,0.3754166666666667,0.0,1.1729166666666666,78.0,58.875,2023,7,July,Sunday,Rainy / Wet,Moderate
2023-07-24,32.770833333333336,22.554166666666664,463.2916666666667,6.675,1.75,39.66666666666666,0.27625,0.0,0.5125000000000001,71.33333333333333,48.083333333333336,2023,7,July,Monday,Rainy / Wet,Moderate
2023-07-25,40.3625,27.85,513.375,6.9375,1.775,53.208333333333336,0.5145833333333333,0.0,1.65625,83.08333333333333,61.208333333333336,2023,7,July,Tuesday,Rainy / Wet,Moderate
2023-07-26,23.2125,15.733333333333334,319.125,4.629166666666666,1.35,50.333333333333336,0.5725,0.0,1.4875,67.20833333333333,42.375,2023,7,July,Wednesday,Rainy / Wet,Moderate
2023-07-27,21.64583333333333,14.666666666666666,300.1666666666667,4.679166666666666,1.225,44.79166666666666,0.33,0.5,1.025,55.91666666666666,29.5,2023,7,July,Thursday,Rainy / Wet,Moderate
2023-07-28,25.35,16.89166666666667,333.6666666666667,5.125,1.3083333333333331,39.833333333333336,0.3216666666666666,0.125,0.8270833333333334,55.458333333333336,29.20833333333333,2023,7,July,Friday,Rainy / Wet,Moderate
2023-07-29,29.804166666666664,19.879166666666663,395.125,6.729166666666667,1.6583333333333332,37.375,0.2458333333333333,0.0,0.525,65.29166666666667,38.583333333333336,2023,7,July,Saturday,Rainy / Wet,Moderate
2023-07-30,23.641666666666666,16.1875,356.5416666666667,5.45,1.45,44.125,0.2625,0.0833333333333333,1.36875,64.875,38.16666666666666,2023,7,July,Sunday,Rainy / Wet,Moderate
2023-07-31,21.8375,14.679166666666667,320.625,4.729166666666667,1.3083333333333331,42.833333333333336,0.26125,0.0,1.3395833333333331,57.833333333333336,31.375,2023,7,July,Monday,Rainy / Wet,Moderate
2023-08-01,20.679166666666667,13.395833333333334,268.9583333333333,4.0125,1.0833333333333333,43.708333333333336,0.2533333333333333,0.0,0.99375,52.04166666666666,25.916666666666668,2023,8,August,Tuesday,Rainy / Wet,Moderate
2023-08-02,26.741666666666664,16.916666666666668,246.29166666666663,4.075,1.1958333333333333,42.54166666666666,0.4283333333333333,0.0,1.5416666666666667,58.458333333333336,31.75,2023,8,August,Wednesday,Rainy / Wet,Moderate
2023-08-03,25.97083333333333,16.720833333333335,255.70833333333331,4.358333333333333,1.3083333333333331,43.958333333333336,0.4029166666666666,0.0,1.3291666666666666,60.41666666666666,33.708333333333336,2023,8,August,Thursday,Rainy / Wet,Moderate
2023-08-04,25.704166666666666,16.491666666666667,264.4166666666667,4.366666666666666,1.2791666666666666,42.375,0.4595833333333333,0.5,1.4041666666666666,60.29166666666666,33.583333333333336,2023,8,August,Friday,Rainy / Wet,Moderate
2023-08-05,23.725,15.241666666666667,277.625,4.483333333333333,1.2666666666666666,40.375,0.55875,0.75,1.2145833333333331,57.875,31.291666666666668,2023,8,August,Saturday,Rainy / Wet,Moderate
2023-08-06,28.829166666666666,18.825,254.04166666666663,4.316666666666666,1.2,37.458333333333336,0.6320833333333333,0.9583333333333334,0.8604166666666666,58.458333333333336,31.916666666666668,2023,8,August,Sunday,Rainy / Wet,Moderate
2023-08-07,30.3875,19.808333333333334,250.875,4.6875,1.2625,37.79166666666666,0.72625,0.25,1.13125,69.0,44.04166666666666,2023,8,August,Monday,Rainy / Wet,Moderate
2023-08-08,22.09583333333333,14.325,200.45833333333331,3.779166666666667,1.0791666666666666,38.66666666666666,0.6437499999999999,0.0,1.3291666666666666,60.75,34.0,2023,8,August,Tuesday,Rainy / Wet,Moderate
2023-08-09,24.8125,16.308333333333334,296.4166666666667,5.058333333333334,1.3916666666666666,39.54166666666666,0.6266666666666666,0.0,1.0625,52.75,26.666666666666668,2023,8,August,Wednesday,Rainy / Wet,Moderate
2023-08-10,32.225,21.429166666666664,407.9583333333333,6.2125,1.6375,41.083333333333336,0.5,0.0,1.0645833333333334,66.54166666666667,40.54166666666666,2023,8,August,Thursday,Rainy / Wet,Moderate
2023-08-11,43.59583333333333,30.1625,570.2083333333334,8.2125,2.3125,39.16666666666666,0.5504166666666667,0.0833333333333333,0.95625,76.04166666666667,55.208333333333336,2023,8,August,Friday,Rainy / Wet,Moderate
2023-08-12,43.72083333333333,30.258333333333336,578.5416666666666,7.195833333333334,1.9708333333333328,37.5,0.6516666666666667,0.375,0.9041666666666668,97.20833333333331,67.33333333333333,2023,8,August,Saturday,Rainy / Wet,Moderate
2023-08-13,23.6375,16.220833333333335,384.0833333333333,5.775,1.4791666666666667,36.29166666666666,0.2270833333333333,0.0,0.6729166666666666,68.54166666666667,43.833333333333336,2023,8,August,Sunday,Rainy / Wet,Moderate
2023-08-14,34.32083333333333,23.65416666666667,542.0833333333334,7.833333333333333,2.183333333333333,38.958333333333336,0.4775,0.0,0.6749999999999999,64.16666666666667,38.0,2023,8,August,Monday,Rainy / Wet,Moderate
2023-08-15,26.675,18.4875,463.6666666666667,5.404166666666666,1.7625,63.25,0.7533333333333334,0.0,1.5458333333333334,74.08333333333333,52.958333333333336,2023,8,August,Tuesday,Rainy / Wet,Moderate
2023-08-16,26.945833333333336,18.8,449.0833333333333,5.179166666666666,1.3916666666666666,48.083333333333336,0.6804166666666666,0.0,1.3104166666666666,60.04166666666666,33.458333333333336,2023,8,August,Wednesday,Rainy / Wet,Moderate
2023-08-17,24.54583333333333,16.966666666666665,436.5,5.6000000000000005,1.4458333333333335,41.66666666666666,0.2816666666666667,0.0,0.74375,65.58333333333333,39.0,2023,8,August,Thursday,Rainy / Wet,Moderate
2023-08-18,19.579166666666666,13.3,372.0,4.55,1.1833333333333331,45.708333333333336,0.2720833333333333,0.0,1.1145833333333333,55.875,29.541666666666668,2023,8,August,Friday,Rainy / Wet,Moderate
2023-08-19,31.1625,21.1375,486.75,6.733333333333333,1.8125,38.91666666666666,0.3491666666666667,1.625,0.8791666666666668,60.958333333333336,34.416666666666664,2023,8,August,Saturday,Rainy / Wet,Moderate
2023-08-20,29.387500000000003,20.141666666666666,485.7916666666667,6.075,1.8,45.41666666666666,0.3370833333333333,1.4583333333333333,1.1270833333333334,73.08333333333333,51.375,2023,8,August,Sunday,Rainy / Wet,Moderate
2023-08-21,26.48333333333333,18.03333333333333,421.4166666666667,5.491666666666666,1.6208333333333331,48.083333333333336,0.415,1.0416666666666667,1.9104166666666669,61.75,35.25,2023,8,August,Monday,Rainy / Wet,Moderate
2023-08-22,21.766666666666666,14.7125,367.5833333333333,5.008333333333334,1.3375,39.125,0.3695833333333333,0.9583333333333334,0.9125,58.833333333333336,32.333333333333336,2023,8,August,Tuesday,Rainy / Wet,Moderate
2023-08-23,21.945833333333336,15.120833333333335,355.5833333333333,6.070833333333333,1.5125,33.791666666666664,0.1866666666666666,0.0,0.8541666666666666,54.54166666666666,28.25,2023,8,August,Wednesday,Rainy / Wet,Moderate
2023-08-24,27.71666666666667,19.225,418.7916666666667,6.341666666666666,1.7583333333333335,36.54166666666666,0.33375,0.0,1.38125,62.875,36.083333333333336,2023,8,August,Thursday,Rainy / Wet,Moderate
2023-08-25,20.225,14.004166666666668,314.8333333333333,5.429166666666667,1.4083333333333332,35.166666666666664,0.4641666666666666,0.0,0.63125,61.625,35.041666666666664,2023,8,August,Friday,Rainy / Wet,Moderate
2023-08-26,18.775,12.6375,272.5,4.7875000000000005,1.2375,34.25,0.3529166666666667,0.0,1.24375,48.708333333333336,23.83333333333333,2023,8,August,Saturday,Rainy / Wet,Good
2023-08-27,27.808333333333334,19.066666666666663,379.0,6.408333333333334,1.7541666666666669,36.29166666666666,0.2725,0.0,1.39375,55.41666666666666,29.08333333333333,2023,8,August,Sunday,Rainy / Wet,Moderate
2023-08-28,31.6875,21.9125,457.2916666666667,6.3,1.8125,41.375,0.3579166666666666,0.0,1.8104166666666668,76.33333333333333,56.208333333333336,2023,8,August,Monday,Rainy / Wet,Moderate
2023-08-29,20.4375,14.058333333333332,302.7916666666667,5.3625,1.4458333333333335,34.375,0.3383333333333333,0.0,1.2291666666666667,56.79166666666666,30.541666666666668,2023,8,August,Tuesday,Rainy / Wet,Moderate
2023-08-30,20.120833333333334,13.645833333333334,290.3333333333333,5.341666666666666,1.35,30.625,0.1954166666666666,0.5,0.6583333333333333,56.083333333333336,29.58333333333333,2023,8,August,Wednesday,Rainy / Wet,Moderate
2023-08-31,24.554166666666664,16.854166666666668,353.1666666666667,6.7,1.7166666666666668,32.375,0.1570833333333333,0.0,1.375,55.91666666666666,29.5,2023,8,August,Thursday,Rainy / Wet,Moderate
2023-09-01,32.6625,22.53333333333333,431.375,7.020833333333333,1.7875,31.25,0.3070833333333333,0.25,0.8854166666666666,70.45833333333333,47.083333333333336,2023,9,September,Friday,Rainy / Wet,Moderate
2023-09-02,22.64583333333333,15.283333333333331,312.0,5.366666666666666,1.3833333333333335,30.041666666666668,0.2004166666666666,0.375,0.8583333333333334,60.54166666666666,34.333333333333336,2023,9,September,Saturday,Rainy / Wet,Moderate
2023-09-03,30.025,20.441666666666663,407.0416666666667,6.8500000000000005,1.7666666666666666,31.20833333333333,0.2079166666666666,0.0,1.25,62.708333333333336,35.875,2023,9,September,Sunday,Rainy / Wet,Moderate
2023-09-04,35.483333333333334,24.6375,503.8333333333333,6.704166666666667,1.9458333333333333,40.333333333333336,0.255,0.2083333333333333,1.6,75.125,54.708333333333336,2023,9,September,Monday,Rainy / Wet,Moderate
2023-09-05,27.641666666666666,19.03333333333333,417.9166666666667,6.029166666666666,1.7041666666666666,37.04166666666666,0.2241666666666666,0.0,1.375,70.16666666666667,46.375,2023,9,September,Tuesday,Rainy / Wet,Moderate
2023-09-06,27.325,18.804166666666667,393.25,5.470833333333334,1.5541666666666665,45.458333333333336,0.3020833333333333,0.2083333333333333,1.63125,65.0,38.083333333333336,2023,9,September,Wednesday,Rainy / Wet,Moderate
2023-09-07,23.616666666666664,16.337500000000002,353.8333333333333,4.991666666666666,1.3166666666666669,37.25,0.3691666666666666,0.0833333333333333,1.3,59.5,33.125,2023,9,September,Thursday,Rainy / Wet,Moderate
2023-09-08,18.9,12.870833333333332,297.2916666666667,4.9750000000000005,1.1041666666666667,29.25,0.1695833333333333,0.0,0.3458333333333334,54.625,28.45833333333333,2023,9,September,Friday,Rainy / Wet,Moderate
2023-09-09,31.0,21.17083333333333,391.8333333333333,6.8125,1.8333333333333333,32.375,0.15625,0.0,1.19375,57.91666666666666,31.45833333333333,2023,9,September,Saturday,Rainy / Wet,Moderate
2023-09-10,37.46666666666667,25.92083333333333,500.8333333333333,7.6,2.15,39.333333333333336,0.2304166666666667,0.7083333333333334,1.8541666666666667,80.25,59.958333333333336,2023,9,September,Sunday,Rainy / Wet,Moderate
2023-09-11,22.516666666666666,14.304166666666667,312.3333333333333,5.0,1.2125,36.833333333333336,0.3183333333333333,5.583333333333333,1.46875,64.41666666666667,39.208333333333336,2023,9,September,Monday,Rainy / Wet,Moderate
2023-09-12,19.45,12.854166666666666,262.25,4.508333333333334,1.0625,28.416666666666668,0.3608333333333333,1.7916666666666667,1.0895833333333331,54.083333333333336,27.95833333333333,2023,9,September,Tuesday,Rainy / Wet,Moderate
2023-09-13,28.308333333333334,19.09583333333333,374.9166666666667,6.945833333333333,1.7166666666666668,27.541666666666668,0.26,0.0,0.88125,55.875,29.58333333333333,2023,9,September,Wednesday,Rainy / Wet,Moderate
2023-09-14,33.329166666666666,22.90833333333333,446.875,6.8500000000000005,1.7291666666666667,32.833333333333336,0.285,0.0,1.4729166666666669,77.58333333333333,57.04166666666666,2023,9,September,Thursday,Rainy / Wet,Moderate
2023-09-15,20.72083333333333,14.029166666666669,300.125,5.266666666666667,1.1833333333333331,28.041666666666668,0.2008333333333333,0.75,1.0604166666666666,56.25,30.166666666666668,2023,9,September,Friday,Rainy / Wet,Moderate
2023-09-16,23.729166666666668,15.216666666666669,293.75,4.845833333333333,1.2708333333333333,32.208333333333336,0.185,0.7083333333333334,1.3416666666666668,56.958333333333336,30.625,2023,9,September,Saturday,Rainy / Wet,Moderate
2023-09-17,28.9,19.2125,365.625,6.204166666666667,1.4791666666666667,28.20833333333333,0.2591666666666666,1.0833333333333333,1.0270833333333331,57.91666666666666,31.5,2023,9,September,Sunday,Rainy / Wet,Moderate
2023-09-18,36.54583333333333,25.28333333333333,535.75,6.858333333333333,1.8166666666666669,32.333333333333336,0.4108333333333333,0.9166666666666666,0.7520833333333333,76.25,55.5,2023,9,September,Monday,Rainy / Wet,Moderate
2023-09-19,36.775,25.35833333333333,484.875,6.958333333333333,1.9166666666666667,46.833333333333336,0.3791666666666666,2.083333333333333,1.9333333333333331,76.58333333333333,58.208333333333336,2023,9,September,Tuesday,Rainy / Wet,Moderate
2023-09-20,30.27916666666667,20.891666666666666,423.7083333333333,6.216666666666666,1.6,42.625,0.34125,1.0416666666666667,1.1583333333333334,76.5,57.458333333333336,2023,9,September,Wednesday,Rainy / Wet,Moderate
2023-09-21,32.31666666666667,22.316666666666663,442.6666666666667,7.7375,1.95,35.666666666666664,0.2841666666666667,0.375,1.4791666666666667,66.75,40.5,2023,9,September,Thursday,Rainy / Wet,Moderate
2023-09-22,22.883333333333336,15.695833333333333,337.2916666666667,5.75,1.3708333333333331,33.125,0.2745833333333333,0.5,1.23125,66.375,40.625,2023,9,September,Friday,Rainy / Wet,Moderate
2023-09-23,31.191666666666663,21.42083333333333,430.7083333333333,7.458333333333333,1.825,28.83333333333333,0.19125,0.0416666666666666,0.7270833333333333,60.375,33.708333333333336,2023,9,September,Saturday,Rainy / Wet,Moderate
2023-09-24,36.9375,25.65,523.5,9.229166666666666,2.375,33.208333333333336,0.1804166666666666,0.0,1.5645833333333334,78.20833333333333,58.5,2023,9,September,Sunday,Rainy / Wet,Moderate
2023-09-25,30.366666666666664,21.0,430.5,6.9625,1.8458333333333328,42.625,0.2591666666666667,0.0833333333333333,1.4395833333333332,76.41666666666667,57.16666666666666,2023,9,September,Monday,Rainy / Wet,Moderate
2023-09-26,28.28333333333333,19.195833333333333,354.625,5.1375,1.3333333333333333,42.16666666666666,0.3974999999999999,2.125,2.1583333333333337,65.79166666666667,38.875,2023,9,September,Tuesday,Rainy / Wet,Moderate
2023-09-27,25.9375,17.504166666666666,374.5,6.204166666666667,1.6041666666666667,37.25,0.3295833333333333,2.333333333333333,1.3666666666666665,61.54166666666666,34.916666666666664,2023,9,September,Wednesday,Rainy / Wet,Moderate
2023-09-28,25.9,17.233333333333334,350.625,5.9625,1.4041666666666668,31.95833333333333,0.3075,3.0,0.93125,62.75,36.0,2023,9,September,Thursday,Rainy / Wet,Moderate
2023-09-29,26.04583333333333,17.841666666666665,388.125,7.091666666666666,1.6666666666666667,33.333333333333336,0.23375,1.9166666666666667,1.2104166666666667,59.333333333333336,32.875,2023,9,September,Friday,Rainy / Wet,Moderate
2023-09-30,22.2375,15.4,338.5,5.6125,1.4166666666666667,40.54166666666666,0.1783333333333333,0.3333333333333333,1.4166666666666667,63.958333333333336,37.125,2023,9,September,Saturday,Rainy / Wet,Moderate
2023-10-01,20.22083333333333,13.779166666666669,298.5833333333333,5.2625,1.2,33.25,0.1858333333333333,0.3333333333333333,1.3395833333333331,53.79166666666666,27.541666666666668,2023,10,October,Sunday,Rainy / Wet,Moderate
2023-10-02,27.316666666666663,18.5125,369.375,7.104166666666667,1.8375,33.041666666666664,0.1620833333333333,0.0,1.1625,56.125,29.916666666666668,2023,10,October,Monday,Rainy / Wet,Moderate
2023-10-03,32.24583333333333,22.275,465.375,8.345833333333333,2.2416666666666667,34.166666666666664,0.25375,0.0,0.9041666666666668,68.20833333333333,42.5,2023,10,October,Tuesday,Rainy / Wet,Moderate
2023-10-04,30.941666666666663,21.629166666666663,454.4583333333333,6.458333333333333,1.775,43.41666666666666,0.3316666666666666,0.0,1.4041666666666666,73.04166666666667,51.375,2023,10,October,Wednesday,Rainy / Wet,Moderate
2023-10-05,28.55,19.954166666666666,449.6666666666667,7.7625,2.0500000000000003,36.458333333333336,0.2654166666666667,0.0416666666666666,1.0583333333333331,66.33333333333333,39.79166666666666,2023,10,October,Thursday,Rainy / Wet,Moderate
2023-10-06,39.54166666666666,27.6375,572.7083333333334,8.941666666666666,1.55,34.041666666666664,0.1908333333333333,0.0,1.1291666666666669,75.125,54.833333333333336,2023,10,October,Friday,Rainy / Wet,Moderate
2023-10-07,44.25833333333333,30.883333333333336,609.6666666666666,8.533333333333333,1.1708333333333334,46.04166666666666,0.2666666666666666,0.0,1.4729166666666669,97.875,67.66666666666667,2023,10,October,Saturday,Rainy / Wet,Moderate
2023-10-08,27.666666666666668,19.266666666666666,439.25,7.1625000000000005,1.9541666666666664,37.41666666666666,0.1779166666666667,0.0,1.4291666666666665,67.58333333333333,41.91666666666666,2023,10,October,Sunday,Rainy / Wet,Moderate
2023-10-09,33.520833333333336,23.3375,494.7083333333333,7.725,1.625,33.708333333333336,0.2404166666666667,0.0,1.00625,73.0,51.29166666666666,2023,10,October,Monday,Rainy / Wet,Moderate
2023-10-10,27.454166666666666,19.116666666666667,356.2083333333333,5.925,1.5166666666666666,45.458333333333336,0.2941666666666667,1.2083333333333333,1.93125,68.33333333333333,42.583333333333336,2023,10,October,Tuesday,Rainy / Wet,Moderate
2023-10-11,25.83333333333333,17.704166666666666,346.7083333333333,6.204166666666667,1.5416666666666667,33.041666666666664,0.2575,2.0416666666666665,1.4354166666666668,64.16666666666667,37.375,2023,10,October,Wednesday,Rainy / Wet,Moderate
2023-10-12,31.3875,21.941666666666663,441.9166666666667,7.4125,2.0375,34.458333333333336,0.2795833333333333,0.0,1.0229166666666667,62.583333333333336,36.04166666666666,2023,10,October,Thursday,Rainy / Wet,Moderate
2023-10-13,28.516666666666666,19.975,425.6666666666667,6.3375,1.6083333333333334,39.0,0.35625,0.3333333333333333,1.3020833333333333,75.16666666666667,55.25,2023,10,October,Friday,Rainy / Wet,Moderate
2023-10-14,27.120833333333334,18.75,443.8333333333333,7.075,1.7375,34.791666666666664,0.2520833333333333,0.4166666666666667,1.4604166666666665,64.91666666666667,38.083333333333336,2023,10,October,Saturday,Rainy / Wet,Moderate
2023-10-15,28.9625,19.6875,388.375,7.516666666666667,1.95,38.16666666666666,0.32125,1.2083333333333333,1.7958333333333334,61.333333333333336,34.541666666666664,2023,10,October,Sunday,Rainy / Wet,Moderate
2023-10-16,29.945833333333336,20.60833333333333,411.7083333333333,6.6875,1.6791666666666665,36.04166666666666,0.2879166666666666,4.958333333333333,1.325,66.25,39.29166666666666,2023,10,October,Monday,Rainy / Wet,Moderate
2023-10-17,34.791666666666664,24.229166666666668,484.4166666666667,7.0375000000000005,1.6625,39.79166666666666,0.25875,1.0,1.79375,79.41666666666667,58.625,2023,10,October,Tuesday,Rainy / Wet,Moderate
2023-10-18,29.633333333333336,20.004166666666663,389.9583333333333,6.820833333333333,1.7041666666666666,33.541666666666664,0.4041666666666666,2.1666666666666665,1.3520833333333335,68.08333333333333,42.5,2023,10,October,Wednesday,Rainy / Wet,Moderate
2023-10-19,30.775,19.754166666666663,362.7083333333333,6.466666666666666,1.6291666666666669,34.333333333333336,0.46625,5.583333333333333,1.5395833333333335,65.58333333333333,38.708333333333336,2023,10,October,Thursday,Rainy / Wet,Moderate
2023-10-20,45.5625,30.08333333333333,551.0,9.433333333333334,2.2416666666666667,43.5,0.3820833333333333,8.291666666666666,1.725,80.91666666666667,58.208333333333336,2023,10,October,Friday,Rainy / Wet,Moderate
2023-10-21,31.366666666666664,21.566666666666663,479.4583333333333,6.908333333333334,1.8541666666666667,46.04166666666666,0.3108333333333333,3.4166666666666665,1.325,74.125,50.208333333333336,2023,10,October,Saturday,Rainy / Wet,Moderate
2023-10-22,35.6875,24.575,477.8333333333333,7.241666666666667,1.8416666666666668,42.41666666666666,0.32375,2.9166666666666665,1.3145833333333334,76.66666666666667,57.208333333333336,2023,10,October,Sunday,Rainy / Wet,Moderate
2023-10-23,35.475,24.3125,489.4166666666667,8.083333333333334,2.033333333333333,34.916666666666664,0.3183333333333333,2.0416666666666665,1.4708333333333332,77.20833333333333,58.625,2023,10,October,Monday,Rainy / Wet,Moderate
2023-10-24,22.77916666666667,15.470833333333331,381.125,5.8,1.4583333333333333,37.41666666666666,0.3716666666666666,2.9166666666666665,1.25,64.16666666666667,38.625,2023,10,October,Tuesday,Rainy / Wet,Moderate
2023-10-25,33.704166666666666,23.079166666666666,475.625,7.516666666666667,2.025,26.916666666666668,0.3870833333333333,1.5416666666666667,0.8041666666666667,61.29166666666666,34.875,2023,10,October,Wednesday,Rainy / Wet,Moderate
2023-10-26,37.34166666666667,25.758333333333336,554.0833333333334,8.65,1.8833333333333333,33.541666666666664,0.3825,1.8333333333333333,0.81875,84.16666666666667,61.91666666666666,2023,10,October,Thursday,Rainy / Wet,Moderate
2023-10-27,44.525,30.229166666666668,570.25,9.8125,2.6791666666666667,39.208333333333336,0.3270833333333333,3.2916666666666665,1.91875,82.625,61.91666666666666,2023,10,October,Friday,Rainy / Wet,Moderate
2023-10-28,46.66666666666666,31.683333333333334,578.5,9.8625,2.004166666666667,40.29166666666666,0.3520833333333333,2.6666666666666665,1.5020833333333332,95.79166666666669,66.75,2023,10,October,Saturday,Rainy / Wet,Moderate
2023-10-29,50.30833333333334,34.85,659.625,9.058333333333334,2.654166666666667,50.458333333333336,0.4208333333333333,2.625,1.3041666666666667,80.54166666666667,59.375,2023,10,October,Sunday,Rainy / Wet,Moderate
2023-10-30,41.72916666666666,28.83333333333333,655.0416666666666,7.345833333333332,1.8666666666666665,61.958333333333336,0.3720833333333333,2.583333333333333,1.4645833333333331,101.625,69.04166666666667,2023,10,October,Monday,Rainy / Wet,Unhealthy for Sensitive Groups
2023-10-31,36.12083333333333,25.183333333333334,559.2083333333334,7.7375,2.0166666666666666,37.875,0.2933333333333333,1.0833333333333333,0.8562500000000001,78.95833333333333,59.958333333333336,2023,10,October,Tuesday,Rainy / Wet,Moderate
2023-11-01,53.04583333333333,36.49583333333333,728.4583333333334,11.195833333333333,2.4458333333333333,34.166666666666664,0.3279166666666667,1.6666666666666667,0.9875,94.25,66.25,2023,11,November,Wednesday,Harmattan / Dry,Moderate
2023-11-02,38.84583333333333,26.4375,530.2916666666666,7.691666666666666,1.4833333333333334,36.833333333333336,0.4204166666666666,3.5,1.2270833333333333,95.375,66.54166666666667,2023,11,November,Thursday,Harmattan / Dry,Moderate
2023-11-03,34.59583333333333,22.766666666666666,483.125,7.904166666666666,2.0500000000000003,37.083333333333336,0.4329166666666666,6.75,1.1166666666666667,69.66666666666667,44.958333333333336,2023,11,November,Friday,Harmattan / Dry,Moderate
2023-11-04,38.54583333333333,26.129166666666663,542.2916666666666,8.466666666666667,2.020833333333333,41.29166666666666,0.28125,3.75,0.94375,76.04166666666667,56.79166666666666,2023,11,November,Saturday,Harmattan / Dry,Moderate
2023-11-05,40.25416666666667,27.92916666666667,584.0,9.220833333333331,2.4625,52.54166666666666,0.2958333333333333,2.2916666666666665,1.5916666666666668,74.79166666666667,53.125,2023,11,November,Sunday,Harmattan / Dry,Moderate
2023-11-06,57.97083333333333,40.49583333333333,844.375,11.675,2.908333333333333,48.958333333333336,0.36125,1.1666666666666667,1.2208333333333334,120.91666666666669,75.04166666666667,2023,11,November,Monday,Harmattan / Dry,Unhealthy for Sensitive Groups
2023-11-07,26.20833333333333,18.14166666666667,422.6666666666667,6.591666666666666,1.6208333333333331,36.0,0.2520833333333333,0.2916666666666667,1.0520833333333333,76.95833333333333,50.54166666666666,2023,11,November,Tuesday,Harmattan / Dry,Moderate
2023-11-08,30.1,20.7125,401.5,6.6625000000000005,1.5666666666666669,37.79166666666666,0.3491666666666667,1.25,1.3208333333333333,64.91666666666667,38.125,2023,11,November,Wednesday,Harmattan / Dry,Moderate
2023-11-09,28.8375,19.754166666666663,406.0416666666667,6.125,1.4458333333333335,36.458333333333336,0.3966666666666666,1.5,1.5291666666666666,67.125,40.583333333333336,2023,11,November,Thursday,Harmattan / Dry,Moderate
2023-11-10,40.82083333333333,27.891666666666666,527.0,8.445833333333333,2.183333333333333,38.333333333333336,0.4491666666666666,3.25,1.36875,74.54166666666667,52.708333333333336,2023,11,November,Friday,Harmattan / Dry,Moderate
2023-11-11,29.85833333333333,19.995833333333334,397.7083333333333,6.3,1.4208333333333334,47.333333333333336,0.4416666666666666,4.625,1.5791666666666666,75.625,54.04166666666666,2023,11,November,Saturday,Harmattan / Dry,Moderate
2023-11-12,32.479166666666664,21.641666666666666,427.0833333333333,6.795833333333333,1.6875,48.41666666666666,0.39125,5.25,1.2875,66.0,39.125,2023,11,November,Sunday,Harmattan / Dry,Moderate
2023-11-13,40.1875,27.241666666666664,539.0416666666666,8.0,2.091666666666667,53.0,0.4708333333333334,4.416666666666667,1.0083333333333333,76.58333333333333,57.125,2023,11,November,Monday,Harmattan / Dry,Moderate
2023-11-14,34.19583333333333,23.65833333333333,573.5416666666666,7.608333333333333,2.058333333333333,52.41666666666666,0.345,1.5,1.3791666666666669,81.58333333333333,61.083333333333336,2023,11,November,Tuesday,Harmattan / Dry,Moderate
2023-11-15,48.49583333333334,33.9375,697.5,9.583333333333334,1.9875,41.66666666666666,0.3275,0.0,1.2645833333333334,81.70833333333333,60.458333333333336,2023,11,November,Wednesday,Harmattan / Dry,Moderate
2023-11-16,66.97916666666667,45.06666666666666,840.125,7.337499999999999,2.4208333333333334,60.54166666666666,0.4354166666666666,10.291666666666666,2.1437500000000003,125.16666666666669,76.45833333333333,2023,11,November,Thursday,Harmattan / Dry,Unhealthy for Sensitive Groups
2023-11-17,40.6375,27.175,506.0416666666667,7.7,1.8416666666666663,50.625,0.5408333333333334,5.541666666666667,1.1395833333333334,92.20833333333331,65.25,2023,11,November,Friday,Harmattan / Dry,Moderate
2023-11-18,51.208333333333336,33.583333333333336,487.9583333333333,7.283333333333334,1.9666666666666668,44.91666666666666,0.5845833333333333,14.958333333333334,1.3166666666666669,85.75,63.04166666666666,2023,11,November,Saturday,Harmattan / Dry,Moderate
2023-11-19,58.62083333333334,36.53333333333333,446.2083333333333,5.8500000000000005,1.6125,64.08333333333333,0.6695833333333333,29.125,1.5875,97.70833333333331,67.54166666666667,2023,11,November,Sunday,Harmattan / Dry,Moderate
2023-11-20,57.69583333333333,37.641666666666666,457.5416666666667,6.1625000000000005,1.6541666666666668,60.458333333333336,0.5454166666666667,23.875,1.4979166666666668,114.5,73.04166666666667,2023,11,November,Monday,Harmattan / Dry,Unhealthy for Sensitive Groups
2023-11-21,50.25416666666666,32.90833333333333,472.25,6.541666666666667,1.7375,63.0,0.4854166666666666,18.25,1.9229166666666664,100.91666666666669,68.54166666666667,2023,11,November,Tuesday,Harmattan / Dry,Unhealthy for Sensitive Groups
2023-11-22,32.92916666666667,22.629166666666663,413.5833333333333,6.125,1.5166666666666666,39.333333333333336,0.3795833333333333,4.458333333333333,0.6416666666666667,77.75,55.16666666666666,2023,11,November,Wednesday,Harmattan / Dry,Moderate
2023-11-23,37.95,26.620833333333334,528.0416666666666,7.208333333333333,2.029166666666667,50.0,0.3229166666666667,2.583333333333333,1.4791666666666667,76.33333333333333,57.083333333333336,2023,11,November,Thursday,Harmattan / Dry,Moderate
2023-11-24,34.5125,24.90416666666667,582.6666666666666,7.195833333333333,1.9666666666666668,43.66666666666666,0.2566666666666666,0.6666666666666666,1.1895833333333334,80.70833333333333,61.125,2023,11,November,Friday,Harmattan / Dry,Moderate
2023-11-25,34.858333333333334,24.683333333333334,496.6666666666667,8.237499999999999,1.9583333333333333,39.333333333333336,0.3358333333333334,0.625,1.40625,80.58333333333333,60.79166666666666,2023,11,November,Saturday,Harmattan / Dry,Moderate
2023-11-26,34.05416666666667,24.20833333333333,555.3333333333334,6.675,1.7416666666666665,33.958333333333336,0.3904166666666666,0.625,0.6395833333333333,71.79166666666667,49.0,2023,11,November,Sunday,Harmattan / Dry,Moderate
2023-11-27,36.8875,25.816666666666663,533.8333333333334,5.470833333333334,0.8916666666666666,64.29166666666667,0.4691666666666667,1.625,1.7833333333333332,83.66666666666667,61.875,2023,11,November,Monday,Harmattan / Dry,Moderate
2023-11-28,26.716666666666665,17.754166666666666,358.125,5.504166666666666,1.3916666666666666,46.875,0.4075,3.6666666666666665,1.18125,64.125,38.66666666666666,2023,11,November,Tuesday,Harmattan / Dry,Moderate
2023-11-29,29.804166666666664,19.89583333333333,433.7083333333333,6.720833333333332,1.55,48.083333333333336,0.3925,4.875,1.09375,65.70833333333333,38.79166666666666,2023,11,November,Wednesday,Harmattan / Dry,Moderate
2023-11-30,31.1625,18.9125,398.25,5.15,1.3833333333333335,58.083333333333336,0.4295833333333334,15.25,1.3979166666666665,66.83333333333333,40.66666666666666,2023,11,November,Thursday,Harmattan / Dry,Moderate
2023-12-01,32.2125,19.241666666666667,359.7083333333333,4.741666666666666,1.2125,51.875,0.4658333333333333,16.083333333333332,1.45625,64.375,37.833333333333336,2023,12,December,Friday,Harmattan / Dry,Moderate
2023-12-02,32.95,19.98333333333333,357.7083333333333,4.754166666666666,1.2416666666666667,49.79166666666666,0.4208333333333333,14.625,1.4229166666666666,65.91666666666667,39.083333333333336,2023,12,December,Saturday,Harmattan / Dry,Moderate
2023-12-03,46.958333333333336,27.67083333333333,443.0833333333333,6.745833333333334,1.8291666666666664,48.958333333333336,0.4375,23.45833333333333,1.5979166666666669,76.375,55.458333333333336,2023,12,December,Sunday,Harmattan / Dry,Moderate
2023-12-04,47.03333333333333,27.6875,456.8333333333333,5.866666666666667,1.6583333333333332,60.41666666666666,0.4458333333333333,25.125,1.8,85.125,62.875,2023,12,December,Monday,Harmattan / Dry,Moderate
2023-12-05,43.19583333333333,25.59166666666667,438.7916666666667,5.7875000000000005,1.5666666666666669,59.708333333333336,0.4708333333333334,21.166666666666668,1.6104166666666666,81.625,61.5,2023,12,December,Tuesday,Harmattan / Dry,Moderate
2023-12-06,31.47083333333333,19.429166666666667,380.875,4.695833333333334,1.2958333333333334,56.0,0.4524999999999999,12.166666666666666,1.43125,70.25,46.125,2023,12,December,Wednesday,Harmattan / Dry,Moderate
2023-12-07,33.791666666666664,20.704166666666666,395.1666666666667,5.258333333333334,1.4875,51.25,0.455,13.166666666666666,1.4375,68.79166666666667,43.5,2023,12,December,Thursday,Harmattan / Dry,Moderate
2023-12-08,39.520833333333336,22.20833333333333,390.125,4.8875,1.5041666666666669,59.16666666666666,0.465,24.83333333333333,1.7083333333333333,66.79166666666667,41.625,2023,12,December,Friday,Harmattan / Dry,Moderate
2023-12-09,58.63333333333333,30.204166666666666,435.1666666666667,5.7625,1.4041666666666668,64.54166666666667,0.4524999999999999,48.625,1.8979166666666665,82.41666666666667,60.458333333333336,2023,12,December,Saturday,Harmattan / Dry,Moderate
2023-12-10,59.16666666666666,30.2125,393.625,4.445833333333334,1.4916666666666665,72.29166666666667,0.46125,52.91666666666666,1.8479166666666669,87.58333333333333,63.66666666666666,2023,12,December,Sunday,Harmattan / Dry,Moderate
2023-12-11,55.57083333333333,30.879166666666663,447.125,5.270833333333333,1.6791666666666665,65.04166666666667,0.5129166666666667,38.0,1.5437500000000002,92.875,65.83333333333333,2023,12,December,Monday,Harmattan / Dry,Moderate
2023-12-12,87.95833333333333,48.1625,570.5,5.870833333333334,1.7166666666666668,66.33333333333333,0.4424999999999999,71.83333333333333,1.9833333333333332,94.83333333333331,66.29166666666667,2023,12,December,Tuesday,Harmattan / Dry,Moderate
2023-12-13,143.67916666666667,85.59166666666665,736.0833333333334,6.441666666666666,2.6875,71.625,0.4491666666666667,118.41666666666669,2.058333333333333,157.33333333333334,97.54166666666669,2023,12,December,Wednesday,Harmattan / Dry,Unhealthy
2023-12-14,145.76250000000002,68.1375,782.8333333333334,6.833333333333333,3.0083333333333333,92.79166666666669,0.5208333333333334,97.0,1.9458333333333333,162.79166666666666,103.95833333333331,2023,12,December,Thursday,Harmattan / Dry,Unhealthy
2023-12-15,126.19166666666666,64.26666666666667,618.875,5.745833333333334,2.5375,106.70833333333331,0.5875,72.70833333333333,1.9,149.29166666666666,91.875,2023,12,December,Friday,Harmattan / Dry,Unhealthy for Sensitive Groups
2023-12-16,118.87916666666666,78.75416666666666,549.375,5.3,2.216666666666667,93.66666666666669,0.6279166666666667,61.875,1.8145833333333328,161.375,101.66666666666669,2023,12,December,Saturday,Harmattan / Dry,Unhealthy
2023-12-17,129.79166666666666,87.54583333333333,603.5,6.025,2.025,79.54166666666667,0.6370833333333333,70.625,1.95,163.16666666666666,104.54166666666669,2023,12,December,Sunday,Harmattan / Dry,Unhealthy
2023-12-18,112.69166666666666,78.95,499.8333333333333,3.925,1.5458333333333334,93.33333333333331,0.6545833333333333,52.04166666666666,1.89375,166.08333333333334,108.79166666666669,2023,12,December,Monday,Harmattan / Dry,Unhealthy
2023-12-19,95.7125,66.86666666666666,429.0416666666667,3.845833333333333,1.35,80.33333333333333,0.6666666666666666,42.29166666666666,1.64375,159.91666666666666,99.54166666666669,2023,12,December,Tuesday,Harmattan / Dry,Unhealthy
2023-12-20,68.57083333333334,46.90833333333333,436.5416666666667,4.458333333333333,1.3166666666666669,73.45833333333333,0.7670833333333333,27.5,1.4666666666666666,142.70833333333334,83.83333333333333,2023,12,December,Wednesday,Harmattan / Dry,Unhealthy for Sensitive Groups
2023-12-21,73.84166666666667,47.025,429.7083333333333,3.8666666666666663,1.225,80.20833333333333,0.6887500000000001,41.208333333333336,1.5,128.41666666666666,77.625,2023,12,December,Thursday,Harmattan / Dry,Unhealthy for Sensitive Groups
2023-12-22,74.49583333333334,46.97916666666666,471.2916666666667,4.433333333333334,1.4958333333333331,80.45833333333333,0.6920833333333333,41.25,1.425,129.70833333333334,77.91666666666667,2023,12,December,Friday,Harmattan / Dry,Unhealthy for Sensitive Groups
2023-12-23,87.95833333333333,49.225,501.7916666666667,4.7,1.6416666666666666,79.79166666666667,0.6245833333333334,70.33333333333333,1.8333333333333333,126.08333333333331,76.79166666666667,2023,12,December,Saturday,Harmattan / Dry,Unhealthy for Sensitive Groups
2023-12-24,106.26666666666668,58.083333333333336,471.125,4.6875,1.2416666666666667,83.16666666666667,0.6024999999999999,93.125,1.7708333333333333,142.45833333333334,82.125,2023,12,December,Sunday,Harmattan / Dry,Unhealthy for Sensitive Groups
2023-12-25,143.46666666666667,81.7,579.8333333333334,5.779166666666666,1.4458333333333335,82.54166666666667,0.6729166666666667,123.75,1.7958333333333334,156.875,94.875,2023,12,December,Monday,Harmattan / Dry,Unhealthy
2023-12-26,147.275,89.79583333333333,593.1666666666666,5.8125,1.9083333333333328,92.33333333333331,0.755,111.0,1.8104166666666668,165.70833333333334,108.25,2023,12,December,Tuesday,Harmattan / Dry,Unhealthy
2023-12-27,139.04999999999998,85.64166666666667,598.4166666666666,5.720833333333334,1.9875,91.29166666666669,0.7245833333333334,93.95833333333331,1.7083333333333333,169.16666666666666,113.66666666666669,2023,12,December,Wednesday,Harmattan / Dry,Unhealthy
2023-12-28,128.54999999999998,83.5,562.1666666666666,5.416666666666667,1.5625,85.41666666666667,0.7820833333333334,77.5,1.6729166666666666,165.125,107.66666666666669,2023,12,December,Thursday,Harmattan / Dry,Unhealthy
2023-12-29,115.325,76.02083333333333,500.8333333333333,5.016666666666667,1.6291666666666669,82.66666666666667,0.71875,66.5,1.7270833333333335,162.83333333333334,103.95833333333331,2023,12,December,Friday,Harmattan / Dry,Unhealthy
2023-12-30,104.6625,71.825,470.4583333333333,4.4125000000000005,1.4791666666666667,81.25,0.7141666666666667,51.04166666666666,1.7770833333333331,158.875,97.83333333333331,2023,12,December,Saturday,Harmattan / Dry,Unhealthy
2023-12-31,90.40833333333336,63.15416666666667,434.5833333333333,3.841666666666667,1.2791666666666666,80.66666666666667,0.7533333333333333,40.79166666666666,1.7125,158.5,97.16666666666669,2023,12,December,Sunday,Harmattan / Dry,Unhealthy
2024-01-01,57.55833333333334,40.6625,394.3333333333333,3.7916666666666665,1.1208333333333331,73.5,0.6175,20.041666666666668,1.6916666666666669,137.04166666666666,81.33333333333333,2024,1,January,Monday,Harmattan / Dry,Unhealthy for Sensitive Groups
2024-01-02,44.60833333333333,30.4375,377.4583333333333,3.6625,1.1208333333333331,69.625,0.5783333333333333,16.75,1.6625,98.5,67.75,2024,1,January,Tuesday,Harmattan / Dry,Moderate
2024-01-03,48.49166666666667,30.98333333333333,385.2083333333333,4.175,1.2666666666666668,65.41666666666667,0.5183333333333333,21.125,1.73125,87.875,63.79166666666666,2024,1,January,Wednesday,Harmattan / Dry,Moderate
2024-01-04,57.47916666666666,34.84583333333333,382.75,3.8541666666666665,1.225,67.75,0.5825,32.458333333333336,1.6041666666666667,95.45833333333331,66.625,2024,1,January,Thursday,Harmattan / Dry,Moderate
2024-01-05,48.675,28.554166666666664,353.7083333333333,4.316666666666666,1.3041666666666667,66.04166666666667,0.5537500000000001,28.45833333333333,1.7479166666666668,92.5,65.58333333333333,2024,1,January,Friday,Harmattan / Dry,Moderate
2024-01-06,49.49583333333334,28.40416666666667,354.5833333333333,4.904166666666667,1.3833333333333335,58.91666666666666,0.53625,29.291666666666668,1.6124999999999998,85.95833333333333,63.208333333333336,2024,1,January,Saturday,Harmattan / Dry,Moderate
2024-01-07,52.71666666666667,30.8875,384.3333333333333,5.641666666666667,1.4583333333333333,63.958333333333336,0.4970833333333333,29.166666666666668,1.8583333333333332,88.0,64.04166666666667,2024,1,January,Sunday,Harmattan / Dry,Moderate
2024-01-08,47.32916666666667,27.65833333333333,317.0833333333333,4.2,1.2833333333333334,63.708333333333336,0.5395833333333334,27.45833333333333,1.7875,85.79166666666667,63.125,2024,1,January,Monday,Harmattan / Dry,Moderate
2024-01-09,46.10416666666666,26.929166666666664,316.0,4.341666666666667,1.2875,61.708333333333336,0.5079166666666667,24.70833333333333,1.8916666666666664,82.08333333333333,61.625,2024,1,January,Tuesday,Harmattan / Dry,Moderate
2024-01-10,51.25833333333333,30.825,326.7083333333333,4.2125,1.2333333333333334,65.33333333333333,0.6166666666666667,26.416666666666668,1.5333333333333334,84.0,62.54166666666666,2024,1,January,Wednesday,Harmattan / Dry,Moderate
2024-01-11,52.36666666666667,30.891666666666666,372.0833333333333,4.320833333333334,1.35,71.45833333333333,0.53625,29.125,1.8416666666666663,89.91666666666667,64.625,2024,1,January,Thursday,Harmattan / Dry,Moderate
2024-01-12,55.86666666666667,32.166666666666664,355.8333333333333,4.4375,1.2708333333333333,75.375,0.5445833333333333,32.875,1.8083333333333331,94.875,66.54166666666667,2024,1,January,Friday,Harmattan / Dry,Moderate
2024-01-13,53.95416666666667,32.9375,369.0416666666667,4.45,1.3083333333333331,73.95833333333333,0.715,27.291666666666668,1.6791666666666665,88.75,64.25,2024,1,January,Saturday,Harmattan / Dry,Moderate
2024-01-14,61.2875,35.68333333333333,374.2916666666667,4.7250000000000005,1.4208333333333334,73.79166666666667,0.7333333333333334,39.54166666666666,1.85625,96.5,67.08333333333333,2024,1,January,Sunday,Harmattan / Dry,Moderate
2024-01-15,75.3125,38.8,389.1666666666667,4.654166666666667,1.2875,73.5,0.6679166666666667,68.08333333333333,1.8541666666666667,102.25,69.0,2024,1,January,Monday,Harmattan / Dry,Unhealthy for Sensitive Groups
2024-01-16,122.54583333333332,66.41250000000001,540.1666666666666,5.879166666666666,1.7708333333333333,87.5,0.7045833333333333,106.875,1.8270833333333332,126.29166666666669,77.29166666666667,2024,1,January,Tuesday,Harmattan / Dry,Unhealthy for Sensitive Groups
2024-01-17,135.1625,76.79166666666667,634.5833333333334,6.008333333333334,1.9458333333333333,99.04166666666669,0.725,101.75,1.96875,161.70833333333334,102.08333333333331,2024,1,January,Wednesday,Harmattan / Dry,Unhealthy
2024-01-18,117.7375,70.27499999999999,587.1666666666666,5.679166666666667,1.375,90.91666666666669,0.7983333333333333,75.91666666666667,1.83125,161.79166666666666,102.5,2024,1,January,Thursday,Harmattan / Dry,Unhealthy
2024-01-19,84.075,51.77916666666667,461.2083333333333,4.820833333333334,1.4125,81.375,0.7512500000000001,50.708333333333336,1.925,148.45833333333334,86.125,2024,1,January,Friday,Harmattan / Dry,Unhealthy for Sensitive Groups
2024-01-20,87.33749999999999,54.2375,500.0,4.216666666666667,1.4416666666666669,91.125,0.8312499999999999,49.208333333333336,1.8166666666666669,145.83333333333334,83.125,2024,1,January,Saturday,Harmattan / Dry,Unhealthy for Sensitive Groups
2024-01-21,78.00833333333334,45.4625,479.4166666666667,3.95,1.3583333333333334,89.66666666666667,0.6466666666666666,52.66666666666666,1.9145833333333333,132.83333333333334,78.91666666666667,2024,1,January,Sunday,Harmattan / Dry,Unhealthy for Sensitive Groups
2024-01-22,83.78333333333333,50.47083333333333,484.5416666666667,3.2375000000000003,1.1,92.125,0.7033333333333333,52.083333333333336,1.8270833333333332,134.83333333333334,79.625,2024,1,January,Monday,Harmattan / Dry,Unhealthy for Sensitive Groups
2024-01-23,48.94583333333333,30.954166666666666,433.875,4.166666666666667,1.1083333333333334,70.16666666666667,0.6233333333333334,21.0,1.5229166666666665,118.75,74.29166666666667,2024,1,January,Tuesday,Harmattan / Dry,Unhealthy for Sensitive Groups
2024-01-24,47.8125,31.225,514.7916666666666,6.483333333333333,2.025,73.54166666666667,0.72375,13.958333333333334,1.7416666666666665,88.41666666666667,64.04166666666667,2024,1,January,Wednesday,Harmattan / Dry,Moderate
2024-01-25,156.57083333333333,83.3,482.6666666666667,5.9625,1.7291666666666667,67.83333333333333,0.7858333333333333,178.41666666666666,1.7041666666666666,112.625,74.0,2024,1,January,Thursday,Harmattan / Dry,Unhealthy for Sensitive Groups
2024-01-26,254.89583333333331,146.79583333333332,780.5,7.233333333333333,2.833333333333333,86.16666666666667,0.9341666666666668,240.04166666666663,1.6291666666666669,187.04166666666663,140.58333333333334,2024,1,January,Friday,Harmattan / Dry,Unhealthy
2024-01-27,242.1375,151.95000000000002,798.1666666666666,7.291666666666667,2.9791666666666665,90.5,0.8633333333333333,186.08333333333331,1.80625,203.0,162.625,2024,1,January,Saturday,Harmattan / Dry,Very Unhealthy
2024-01-28,240.86666666666667,155.22083333333333,851.7083333333334,7.358333333333333,3.1958333333333333,93.625,0.8983333333333333,174.95833333333334,1.7791666666666668,201.66666666666663,161.70833333333334,2024,1,January,Sunday,Harmattan / Dry,Very Unhealthy
2024-01-29,199.34583333333333,138.98749999999998,693.2083333333334,5.179166666666666,2.2666666666666666,112.79166666666669,1.0141666666666669,108.625,1.7354166666666666,197.375,156.08333333333334,2024,1,January,Monday,Harmattan / Dry,Unhealthy
2024-01-30,187.4875,133.8375,625.5416666666666,4.3500000000000005,1.7208333333333332,100.125,1.1020833333333333,96.20833333333331,1.7520833333333332,193.45833333333331,150.375,2024,1,January,Tuesday,Harmattan / Dry,Unhealthy
2024-01-31,162.97083333333333,113.4875,535.4583333333334,3.6666666666666665,1.2625,84.66666666666667,1.0520833333333333,90.875,1.7958333333333332,187.58333333333331,141.625,2024,1,January,Wednesday,Harmattan / Dry,Unhealthy
2024-02-01,94.17083333333332,61.35,441.0,3.208333333333333,0.9916666666666668,76.33333333333333,0.9520833333333334,62.79166666666666,1.6395833333333334,165.83333333333334,108.58333333333331,2024,2,February,Thursday,Harmattan / Dry,Unhealthy
2024-02-02,121.33333333333331,68.74583333333332,484.5,4.104166666666667,1.2083333333333333,81.16666666666667,0.8820833333333334,110.66666666666669,1.875,148.45833333333334,85.45833333333333,2024,2,February,Friday,Harmattan / Dry,Unhealthy for Sensitive Groups
2024-02-03,185.14166666666668,110.71666666666664,546.5416666666666,4.691666666666666,1.5166666666666666,84.83333333333333,1.0004166666666667,165.20833333333334,1.7041666666666666,164.58333333333334,106.70833333333331,2024,2,February,Saturday,Harmattan / Dry,Unhealthy
2024-02-04,183.29166666666663,113.71666666666664,629.4583333333334,5.1875,1.8875,87.375,1.0858333333333332,140.70833333333334,1.7354166666666666,184.25,136.41666666666666,2024,2,February,Sunday,Harmattan / Dry,Unhealthy
2024-02-05,211.975,123.94583333333333,567.5,5.245833333333334,1.8416666666666668,83.0,1.0766666666666669,192.83333333333331,1.7229166666666669,182.875,134.16666666666666,2024,2,February,Monday,Harmattan / Dry,Unhealthy
2024-02-06,230.50833333333333,137.1,644.0,5.629166666666666,2.029166666666667,85.29166666666667,1.09,214.29166666666663,1.6395833333333334,188.5,142.875,2024,2,February,Tuesday,Harmattan / Dry,Unhealthy
2024-02-07,299.3,167.27916666666667,670.9166666666666,6.533333333333334,2.3541666666666665,94.08333333333331,1.0883333333333334,313.2083333333333,1.6333333333333335,202.41666666666663,161.04166666666666,2024,2,February,Wednesday,Harmattan / Dry,Very Unhealthy
2024-02-08,165.74166666666667,107.28333333333336,590.0416666666666,4.745833333333333,1.4791666666666667,81.45833333333333,1.0670833333333334,119.95833333333331,1.6583333333333332,202.79166666666663,159.45833333333334,2024,2,February,Thursday,Harmattan / Dry,Very Unhealthy
2024-02-09,83.42083333333333,56.1625,448.4583333333333,3.841666666666667,1.1291666666666669,66.95833333333333,0.91875,50.0,1.6645833333333335,162.79166666666666,103.91666666666669,2024,2,February,Friday,Harmattan / Dry,Unhealthy
2024-02-10,75.12083333333334,53.36666666666667,460.3333333333333,4.070833333333334,1.2,70.0,1.2616666666666667,32.166666666666664,1.4645833333333331,141.375,81.625,2024,2,February,Saturday,Harmattan / Dry,Unhealthy for Sensitive Groups
2024-02-11,79.19166666666666,54.5125,458.625,4.104166666666667,1.2541666666666669,69.45833333333333,1.0745833333333332,39.79166666666666,1.6645833333333335,148.58333333333334,84.20833333333333,2024,2,February,Sunday,Harmattan / Dry,Unhealthy for Sensitive Groups
2024-02-12,63.45416666666667,42.3375,437.6666666666667,3.704166666666667,1.0958333333333334,67.91666666666667,0.7354166666666666,34.666666666666664,1.9666666666666668,134.375,79.375,2024,2,February,Monday,Harmattan / Dry,Unhealthy for Sensitive Groups
2024-02-13,46.475,30.433333333333334,363.25,3.1750000000000003,0.8916666666666667,59.708333333333336,0.6404166666666666,24.375,1.825,102.16666666666669,68.91666666666667,2024,2,February,Tuesday,Harmattan / Dry,Unhealthy for Sensitive Groups
2024-02-14,43.85416666666666,25.3875,357.5833333333333,3.720833333333333,0.9833333333333334,59.375,0.6749999999999999,29.45833333333333,1.5833333333333333,86.08333333333333,63.083333333333336,2024,2,February,Wednesday,Harmattan / Dry,Moderate
2024-02-15,38.704166666666666,22.21666666666667,348.0,3.9625,1.0,62.75,0.6070833333333333,26.95833333333333,1.4625,72.75,51.25,2024,2,February,Thursday,Harmattan / Dry,Moderate
2024-02-16,62.47916666666666,32.75416666666667,375.7083333333333,3.841666666666667,1.0875,67.04166666666667,0.9141666666666668,55.75,1.8041666666666665,80.33333333333333,58.625,2024,2,February,Friday,Harmattan / Dry,Moderate
2024-02-17,62.22083333333333,35.40833333333333,372.75,3.9125,1.1666666666666667,69.83333333333333,0.9358333333333334,45.41666666666666,1.75625,100.08333333333331,68.33333333333333,2024,2,February,Saturday,Harmattan / Dry,Unhealthy for Sensitive Groups
2024-02-18,54.1375,30.29583333333333,366.7083333333333,4.425,1.3333333333333333,60.54166666666666,0.8508333333333334,38.66666666666666,1.8666666666666665,96.875,67.16666666666667,2024,2,February,Sunday,Harmattan / Dry,Moderate
2024-02-19,53.35833333333333,28.308333333333334,369.8333333333333,3.920833333333333,1.1708333333333334,65.08333333333333,0.8366666666666666,45.79166666666666,1.95625,85.16666666666667,62.833333333333336,2024,2,February,Monday,Harmattan / Dry,Moderate
2024-02-20,37.7875,21.72083333333333,324.25,3.2875,0.8958333333333334,59.75,0.7566666666666667,24.291666666666668,1.8458333333333328,77.25,55.708333333333336,2024,2,February,Tuesday,Harmattan / Dry,Moderate
2024-02-21,31.329166666666666,19.59583333333333,326.75,3.533333333333333,0.9291666666666668,58.583333333333336,0.7620833333333333,15.458333333333334,1.8875,69.625,45.0,2024,2,February,Wednesday,Harmattan / Dry,Moderate
2024-02-22,36.270833333333336,25.9375,499.75,6.1875,1.4541666666666666,43.125,0.6358333333333334,6.25,0.6854166666666667,73.29166666666667,51.083333333333336,2024,2,February,Thursday,Harmattan / Dry,Moderate
2024-02-23,58.03333333333333,31.5125,525.2083333333334,5.766666666666667,1.6208333333333331,64.20833333333333,0.87875,48.54166666666666,1.86875,82.29166666666667,61.79166666666666,2024,2,February,Friday,Harmattan / Dry,Moderate
2024-02-24,80.36666666666666,45.99166666666667,473.2916666666667,5.054166666666666,1.4833333333333334,66.41666666666667,1.1670833333333333,67.0,1.29375,104.25,69.58333333333333,2024,2,February,Saturday,Harmattan / Dry,Unhealthy for Sensitive Groups
2024-02-25,70.83749999999999,38.1375,374.9583333333333,4.104166666666667,1.125,59.833333333333336,0.8145833333333333,63.25,1.6229166666666668,122.91666666666669,75.83333333333333,2024,2,February,Sunday,Harmattan / Dry,Unhealthy for Sensitive Groups
2024-02-26,49.7125,27.741666666666664,324.25,3.829166666666667,0.9708333333333332,52.75,0.6966666666666667,37.875,1.75,96.20833333333331,66.875,2024,2,February,Monday,Harmattan / Dry,Moderate
2024-02-27,49.8375,29.4375,372.0416666666667,5.233333333333333,1.3583333333333334,51.91666666666666,0.7116666666666666,32.791666666666664,1.7145833333333331,84.125,62.333333333333336,2024,2,February,Tuesday,Harmattan / Dry,Moderate
2024-02-28,52.18333333333334,31.1875,394.7916666666667,5.775,1.2833333333333334,48.5,0.6429166666666667,32.958333333333336,1.3208333333333333,87.5,63.75,2024,2,February,Wednesday,Harmattan / Dry,Moderate
2024-02-29,49.12083333333334,30.89583333333333,424.0,6.479166666666667,1.4666666666666668,40.125,0.64,24.666666666666668,0.86875,92.08333333333331,65.45833333333333,2024,2,February,Thursday,Harmattan / Dry,Moderate
2024-03-01,38.891666666666666,22.8125,360.2916666666667,4.816666666666666,1.2083333333333333,54.083333333333336,0.5479166666666667,22.666666666666668,1.625,84.54166666666667,62.54166666666666,2024,3,March,Friday,Transition,Moderate
2024-03-02,49.25416666666666,31.320833333333336,508.0416666666667,8.220833333333333,1.7416666666666665,47.29166666666666,0.5904166666666667,17.791666666666668,1.3520833333333335,73.95833333333333,51.16666666666666,2024,3,March,Saturday,Transition,Moderate
2024-03-03,42.85416666666666,27.72083333333333,471.75,7.716666666666666,1.7041666666666666,48.083333333333336,0.5691666666666667,11.458333333333334,1.7979166666666666,97.33333333333331,67.29166666666667,2024,3,March,Sunday,Transition,Moderate
2024-03-04,30.929166666666664,18.3,379.75,5.491666666666666,1.3083333333333331,52.083333333333336,0.5916666666666667,14.791666666666666,2.06875,69.70833333333333,45.708333333333336,2024,3,March,Monday,Transition,Moderate
2024-03-05,42.40833333333333,24.65416666666667,403.25,5.758333333333333,1.2833333333333334,45.5,0.7104166666666667,24.0,1.4625,67.375,41.54166666666666,2024,3,March,Tuesday,Transition,Moderate
2024-03-06,45.333333333333336,26.254166666666663,380.3333333333333,5.2,1.1625,45.125,0.6283333333333333,28.58333333333333,1.9104166666666669,82.79166666666667,61.875,2024,3,March,Wednesday,Transition,Moderate
2024-03-07,36.67083333333333,22.4625,371.5416666666667,5.533333333333334,1.3333333333333333,48.458333333333336,0.4966666666666666,15.75,1.9,75.83333333333333,56.333333333333336,2024,3,March,Thursday,Transition,Moderate
2024-03-08,42.4375,25.695833333333336,412.75,6.658333333333334,1.5666666666666669,40.25,0.5741666666666666,18.75,1.2979166666666668,71.625,48.625,2024,3,March,Friday,Transition,Moderate
2024-03-09,48.49166666666667,31.3125,611.9583333333334,7.620833333333334,2.0541666666666667,47.458333333333336,0.55,13.75,1.9333333333333331,97.04166666666669,67.25,2024,3,March,Saturday,Transition,Moderate
2024-03-10,32.800000000000004,21.054166666666667,425.6666666666667,7.2625,1.825,54.333333333333336,0.4279166666666666,8.291666666666666,2.525,74.41666666666667,50.91666666666666,2024,3,March,Sunday,Transition,Moderate
2024-03-11,31.525,19.83333333333333,330.6666666666667,4.945833333333334,1.1583333333333334,45.79166666666666,0.4920833333333334,8.791666666666666,1.81875,62.625,36.333333333333336,2024,3,March,Monday,Transition,Moderate
2024-03-12,43.04583333333333,26.8875,430.5833333333333,7.166666666666667,1.5333333333333332,41.583333333333336,0.53,12.625,0.8958333333333334,78.54166666666667,57.75,2024,3,March,Tuesday,Transition,Moderate
2024-03-13,31.95,20.683333333333334,403.4166666666667,6.104166666666667,1.4416666666666669,47.208333333333336,0.4429166666666667,7.75,1.9979166666666668,75.95833333333333,55.625,2024,3,March,Wednesday,Transition,Moderate
2024-03-14,27.804166666666664,18.2375,394.2916666666667,7.104166666666667,1.55,36.375,0.43,3.875,1.1479166666666667,63.41666666666666,36.91666666666666,2024,3,March,Thursday,Transition,Moderate
2024-03-15,33.079166666666666,21.225,477.5416666666667,6.516666666666667,1.6833333333333331,60.29166666666666,0.445,8.25,2.18125,70.83333333333333,48.625,2024,3,March,Friday,Transition,Moderate
2024-03-16,32.520833333333336,20.683333333333334,400.9166666666667,6.541666666666667,1.5041666666666669,54.91666666666666,0.5,6.791666666666667,1.86875,61.833333333333336,37.16666666666666,2024,3,March,Saturday,Transition,Moderate
2024-03-17,59.3375,39.025,663.2083333333334,11.05,2.6375,60.958333333333336,0.6495833333333333,10.208333333333334,2.091666666666667,87.16666666666667,62.125,2024,3,March,Sunday,Transition,Moderate
2024-03-18,68.70833333333333,42.425,665.9583333333334,9.1875,2.3125,63.333333333333336,0.7804166666666666,23.791666666666668,1.7333333333333334,128.79166666666666,77.625,2024,3,March,Monday,Transition,Unhealthy for Sensitive Groups
2024-03-19,50.7375,25.5375,383.9583333333333,5.379166666666666,1.425,62.25,0.7241666666666666,40.708333333333336,1.875,85.125,62.458333333333336,2024,3,March,Tuesday,Transition,Moderate
2024-03-20,62.10833333333333,29.45833333333333,364.75,5.2875000000000005,1.3083333333333331,55.458333333333336,0.8491666666666666,57.29166666666666,1.6875,80.41666666666667,62.16666666666666,2024,3,March,Wednesday,Transition,Moderate
2024-03-21,82.71666666666667,40.04166666666666,414.8333333333333,6.5875,1.5708333333333335,52.04166666666666,1.0233333333333332,80.375,0.6229166666666667,100.45833333333331,69.41666666666667,2024,3,March,Thursday,Transition,Unhealthy for Sensitive Groups
2024-03-22,96.95416666666668,48.00416666666666,349.25,4.733333333333333,1.1916666666666669,58.458333333333336,0.9775,102.375,1.63125,119.0,75.45833333333333,2024,3,March,Friday,Transition,Unhealthy for Sensitive Groups
2024-03-23,77.74166666666666,45.5875,356.2083333333333,5.141666666666667,1.1041666666666667,47.375,0.9033333333333332,56.333333333333336,1.40625,131.33333333333334,78.41666666666667,2024,3,March,Saturday,Transition,Unhealthy for Sensitive Groups
2024-03-24,75.8125,45.45416666666667,431.5,6.7625,1.6125,52.91666666666666,0.7833333333333333,46.16666666666666,1.8125,134.375,79.41666666666667,2024,3,March,Sunday,Transition,Unhealthy for Sensitive Groups
2024-03-25,37.8875,23.566666666666663,292.4583333333333,3.7875,0.8875000000000001,50.958333333333336,0.5766666666666667,19.95833333333333,1.05625,94.54166666666669,65.83333333333333,2024,3,March,Monday,Transition,Moderate
2024-03-26,35.72083333333333,22.991666666666664,385.6666666666667,6.154166666666666,1.5833333333333333,50.208333333333336,0.4554166666666666,13.583333333333334,1.7520833333333334,73.08333333333333,51.41666666666666,2024,3,March,Tuesday,Transition,Moderate
2024-03-27,39.3875,24.141666666666666,347.8333333333333,5.5,1.4541666666666666,47.208333333333336,0.5129166666666667,18.125,2.2062500000000003,71.70833333333333,48.91666666666666,2024,3,March,Wednesday,Transition,Moderate
2024-03-28,45.020833333333336,27.25,332.0,4.933333333333334,1.2291666666666667,44.79166666666666,0.6308333333333334,23.25,1.6229166666666668,82.375,61.583333333333336,2024,3,March,Thursday,Transition,Moderate
2024-03-29,29.4375,18.291666666666668,321.9583333333333,4.470833333333333,1.0916666666666666,45.833333333333336,0.5779166666666666,13.833333333333334,1.1416666666666666,72.5,49.625,2024,3,March,Friday,Transition,Moderate
2024-03-30,30.629166666666663,18.97083333333333,313.4583333333333,4.741666666666666,1.1625,45.625,0.5654166666666667,10.625,1.4270833333333333,62.79166666666666,36.04166666666666,2024,3,March,Saturday,Transition,Moderate
2024-03-31,38.30833333333333,23.8,409.4166666666667,6.041666666666667,1.4708333333333332,45.583333333333336,0.4583333333333333,14.0,1.70625,72.20833333333333,50.083333333333336,2024,3,March,Sunday,Transition,Moderate
2024-04-01,31.504166666666663,20.041666666666668,353.0416666666667,5.325,1.2666666666666666,41.91666666666666,0.4670833333333333,6.333333333333333,1.5625,67.58333333333333,41.875,2024,4,April,Monday,Rainy / Wet,Moderate
2024-04-02,40.79583333333333,24.8125,423.75,6.895833333333333,1.6708333333333334,42.458333333333336,0.4841666666666667,13.166666666666666,1.875,75.33333333333333,55.708333333333336,2024,4,April,Tuesday,Rainy / Wet,Moderate
2024-04-03,35.55416666666667,20.491666666666667,371.5416666666667,6.291666666666667,1.5125,39.41666666666666,0.51125,15.833333333333334,2.2875,72.5,50.125,2024,4,April,Wednesday,Rainy / Wet,Moderate
2024-04-04,31.704166666666666,19.716666666666665,374.0416666666667,6.666666666666667,1.675,34.583333333333336,0.4208333333333333,8.458333333333334,1.710416666666667,70.08333333333333,45.833333333333336,2024,4,April,Thursday,Rainy / Wet,Moderate
2024-04-05,35.80833333333333,22.775,401.9166666666667,7.3875,1.8916666666666664,34.0,0.4225,7.833333333333333,1.4854166666666666,65.20833333333333,38.54166666666666,2024,4,April,Friday,Rainy / Wet,Moderate
2024-04-06,38.958333333333336,25.6375,481.75,8.1625,2.1416666666666666,44.04166666666666,0.37,6.291666666666667,2.5229166666666667,82.79166666666667,61.208333333333336,2024,4,April,Saturday,Rainy / Wet,Moderate
2024-04-07,34.733333333333334,22.78333333333333,395.1666666666667,7.504166666666666,1.9208333333333332,39.5,0.4083333333333334,6.208333333333333,2.002083333333333,67.0,42.375,2024,4,April,Sunday,Rainy / Wet,Moderate
2024-04-08,40.04166666666666,25.141666666666666,411.25,7.841666666666666,1.8833333333333333,39.75,0.4391666666666666,13.375,1.6791666666666665,77.08333333333333,58.458333333333336,2024,4,April,Monday,Rainy / Wet,Moderate
2024-04-09,46.25,30.016666666666666,507.0416666666667,7.416666666666667,2.2125,53.625,0.3370833333333333,11.583333333333334,2.427083333333333,90.58333333333331,64.83333333333333,2024,4,April,Tuesday,Rainy / Wet,Moderate
2024-04-10,27.40833333333333,18.1125,318.8333333333333,5.416666666666667,1.3875000000000002,42.583333333333336,0.3266666666666666,5.625,1.5812499999999998,69.08333333333333,44.458333333333336,2024,4,April,Wednesday,Rainy / Wet,Moderate
2024-04-11,28.90833333333333,18.72083333333333,312.8333333333333,5.3375,1.2791666666666666,37.083333333333336,0.3425,6.833333333333333,1.2541666666666669,63.333333333333336,36.54166666666666,2024,4,April,Thursday,Rainy / Wet,Moderate
2024-04-12,26.92083333333333,18.716666666666665,364.5,6.141666666666667,1.55,35.208333333333336,0.35375,1.7916666666666667,1.3958333333333333,63.91666666666666,37.083333333333336,2024,4,April,Friday,Rainy / Wet,Moderate
2024-04-13,25.566666666666663,16.070833333333333,297.875,5.283333333333333,1.2875,35.625,0.3941666666666667,5.583333333333333,1.6270833333333332,62.583333333333336,35.666666666666664,2024,4,April,Saturday,Rainy / Wet,Moderate
2024-04-14,46.2375,29.729166666666668,498.125,8.233333333333333,2.3916666666666666,45.458333333333336,0.3999999999999999,11.708333333333334,1.4916666666666665,70.375,46.75,2024,4,April,Sunday,Rainy / Wet,Moderate
2024-04-15,55.29583333333333,36.97083333333334,664.0416666666666,9.9375,2.895833333333333,46.0,0.3808333333333333,8.583333333333334,1.7833333333333332,107.54166666666669,70.70833333333333,2024,4,April,Monday,Rainy / Wet,Unhealthy for Sensitive Groups
2024-04-16,28.0625,18.320833333333333,343.6666666666667,5.979166666666667,1.5875,41.083333333333336,0.4066666666666667,5.25,1.7916666666666667,76.375,51.29166666666666,2024,4,April,Tuesday,Rainy / Wet,Moderate
2024-04-17,26.65833333333333,17.416666666666668,346.9583333333333,5.845833333333334,1.4166666666666667,35.708333333333336,0.4233333333333333,5.083333333333333,1.34375,65.16666666666667,38.25,2024,4,April,Wednesday,Rainy / Wet,Moderate
2024-04-18,34.0375,20.841666666666665,405.1666666666667,7.3875,1.8958333333333333,40.66666666666666,0.50625,11.166666666666666,1.6645833333333335,63.375,36.5,2024,4,April,Thursday,Rainy / Wet,Moderate
2024-04-19,27.71666666666667,17.099999999999998,322.0416666666667,4.9750000000000005,1.25,36.958333333333336,0.4970833333333333,7.333333333333333,1.4979166666666668,63.0,36.375,2024,4,April,Friday,Rainy / Wet,Moderate
2024-04-20,38.2875,25.758333333333336,519.9166666666666,7.533333333333334,2.2916666666666665,51.41666666666666,0.3616666666666666,4.458333333333333,2.2958333333333334,78.95833333333333,56.958333333333336,2024,4,April,Saturday,Rainy / Wet,Moderate
2024-04-21,24.6875,15.233333333333334,303.9166666666667,4.458333333333333,1.2416666666666667,45.75,0.3275,6.875,2.3666666666666667,57.29166666666666,33.583333333333336,2024,4,April,Sunday,Rainy / Wet,Moderate
2024-04-22,30.60833333333333,19.95,347.625,5.0,1.4208333333333334,45.41666666666666,0.4258333333333333,6.25,2.129166666666667,62.91666666666666,36.125,2024,4,April,Monday,Rainy / Wet,Moderate
2024-04-23,33.979166666666664,21.579166666666666,375.7083333333333,5.916666666666667,1.6083333333333334,42.208333333333336,0.3583333333333333,8.833333333333334,1.8541666666666667,74.25,53.333333333333336,2024,4,April,Tuesday,Rainy / Wet,Moderate
2024-04-24,24.5,15.629166666666668,305.0,5.1625000000000005,1.3875,38.25,0.3566666666666667,3.583333333333333,2.154166666666667,60.958333333333336,34.5,2024,4,April,Wednesday,Rainy / Wet,Moderate
2024-04-25,29.6375,19.10833333333333,358.0416666666667,6.395833333333333,1.6208333333333331,33.0,0.41375,4.833333333333333,1.8395833333333331,60.41666666666666,33.666666666666664,2024,4,April,Thursday,Rainy / Wet,Moderate
2024-04-26,26.229166666666668,16.537499999999998,349.375,6.066666666666666,1.6458333333333333,36.25,0.4066666666666667,7.625,2.0812500000000003,61.75,35.041666666666664,2024,4,April,Friday,Rainy / Wet,Moderate
2024-04-27,36.1625,22.5375,422.7083333333333,7.333333333333333,2.1750000000000003,42.125,0.42625,9.916666666666666,2.0458333333333334,71.375,49.083333333333336,2024,4,April,Saturday,Rainy / Wet,Moderate
2024-04-28,32.55416666666667,18.866666666666667,281.4583333333333,4.433333333333334,1.3333333333333333,39.91666666666666,0.5745833333333333,13.833333333333334,1.86875,65.04166666666667,38.54166666666666,2024,4,April,Sunday,Rainy / Wet,Moderate
2024-04-29,33.6,19.879166666666663,310.7083333333333,5.329166666666667,2.441666666666667,40.375,0.5495833333333333,14.208333333333334,1.04375,63.04166666666666,36.25,2024,4,April,Monday,Rainy / Wet,Moderate
2024-04-30,28.825,18.59583333333333,369.5416666666667,5.7375,2.020833333333333,48.91666666666666,0.6025,8.583333333333334,1.1854166666666666,65.83333333333333,39.16666666666666,2024,4,April,Tuesday,Rainy / Wet,Moderate
2024-05-01,33.525,21.6,370.7083333333333,6.025,3.154166666666667,41.66666666666666,0.5808333333333333,8.875,1.1729166666666668,68.54166666666667,43.583333333333336,2024,5,May,Wednesday,Rainy / Wet,Moderate
2024-05-02,34.80416666666667,23.27083333333333,412.4583333333333,6.608333333333333,2.5791666666666666,37.5,0.5337500000000001,4.25,1.0645833333333334,75.29166666666667,55.41666666666666,2024,5,May,Thursday,Rainy / Wet,Moderate
2024-05-03,40.829166666666666,27.866666666666664,500.9583333333333,8.383333333333333,2.8000000000000003,43.375,0.4666666666666666,2.958333333333333,1.2291666666666667,69.125,44.25,2024,5,May,Friday,Rainy / Wet,Moderate
2024-05-04,60.10833333333333,40.97083333333333,716.3333333333334,11.2375,3.275,40.083333333333336,0.4633333333333333,3.9166666666666665,1.64375,118.5,74.16666666666667,2024,5,May,Saturday,Rainy / Wet,Unhealthy for Sensitive Groups
2024-05-05,30.916666666666668,20.754166666666663,399.7083333333333,6.354166666666667,1.8541666666666667,43.083333333333336,0.4191666666666667,2.583333333333333,1.8375,81.20833333333333,56.0,2024,5,May,Sunday,Rainy / Wet,Moderate
2024-05-06,34.0,22.675,404.5416666666667,6.2375,1.7333333333333334,41.5,0.445,2.458333333333333,1.4791666666666667,70.70833333333333,47.0,2024,5,May,Monday,Rainy / Wet,Moderate
2024-05-07,27.7375,18.866666666666667,412.0833333333333,5.699999999999999,1.8166666666666669,54.833333333333336,0.4283333333333333,2.0,1.25625,61.083333333333336,37.375,2024,5,May,Tuesday,Rainy / Wet,Moderate
2024-05-08,38.38333333333333,26.34166666666667,572.625,7.958333333333333,2.958333333333333,45.66666666666666,0.58,2.458333333333333,0.7875,77.70833333333333,57.16666666666666,2024,5,May,Wednesday,Rainy / Wet,Moderate
2024-05-09,43.6875,29.27916666666667,548.7083333333334,6.579166666666667,3.0708333333333333,54.083333333333336,0.6862499999999999,5.166666666666667,1.2375,88.95833333333333,64.29166666666667,2024,5,May,Thursday,Rainy / Wet,Moderate
2024-05-10,25.870833333333334,17.179166666666667,342.2083333333333,4.983333333333333,1.65,50.25,0.4720833333333333,2.7916666666666665,1.4979166666666668,68.125,43.16666666666666,2024,5,May,Friday,Rainy / Wet,Moderate
2024-05-11,23.370833333333334,15.379166666666668,328.375,4.625,1.2875,47.708333333333336,0.4583333333333333,4.041666666666667,1.4479166666666667,60.375,33.75,2024,5,May,Saturday,Rainy / Wet,Moderate
2024-05-12,35.0125,23.604166666666668,473.0,7.841666666666666,2.1875,35.458333333333336,0.5187499999999999,3.125,0.6541666666666667,62.875,36.41666666666666,2024,5,May,Sunday,Rainy / Wet,Moderate
2024-05-13,44.28333333333333,30.275,589.125,7.866666666666667,2.575,53.54166666666666,0.5070833333333333,3.208333333333333,1.7333333333333334,86.70833333333333,63.208333333333336,2024,5,May,Monday,Rainy / Wet,Moderate
2024-05-14,30.679166666666664,21.104166666666668,444.375,5.9875,1.7833333333333332,43.333333333333336,0.4141666666666666,2.25,1.2541666666666669,77.29166666666667,56.5,2024,5,May,Tuesday,Rainy / Wet,Moderate
2024-05-15,45.5375,31.40416666666667,655.25,9.408333333333331,2.6875,39.75,0.3433333333333333,1.4166666666666667,1.425,87.91666666666667,62.458333333333336,2024,5,May,Wednesday,Rainy / Wet,Moderate
2024-05-16,28.59583333333333,18.729166666666668,342.9583333333333,5.170833333333333,1.3333333333333333,37.125,0.4424999999999999,3.083333333333333,1.2104166666666667,71.08333333333333,45.708333333333336,2024,5,May,Thursday,Rainy / Wet,Moderate
2024-05-17,36.80833333333333,22.754166666666663,404.6666666666667,6.016666666666667,1.75,42.54166666666666,0.5154166666666666,12.416666666666666,1.6208333333333331,67.45833333333333,41.54166666666666,2024,5,May,Friday,Rainy / Wet,Moderate
2024-05-18,42.05,25.491666666666664,393.5833333333333,4.966666666666667,1.5458333333333334,45.29166666666666,0.5154166666666667,17.875,1.2729166666666667,76.20833333333333,56.333333333333336,2024,5,May,Saturday,Rainy / Wet,Moderate
2024-05-19,36.19583333333333,21.6875,333.25,5.004166666666666,1.5,43.41666666666666,0.4770833333333333,14.208333333333334,1.80625,72.125,49.41666666666666,2024,5,May,Sunday,Rainy / Wet,Moderate
2024-05-20,41.53333333333333,26.1875,397.0833333333333,6.233333333333333,1.7833333333333332,44.375,0.545,10.125,1.2145833333333331,79.875,59.66666666666666,2024,5,May,Monday,Rainy / Wet,Moderate
2024-05-21,33.97083333333333,21.554166666666664,372.75,5.458333333333333,1.6416666666666666,45.333333333333336,0.4704166666666667,9.25,1.43125,73.83333333333333,52.54166666666666,2024,5,May,Tuesday,Rainy / Wet,Moderate
2024-05-22,28.475,19.39583333333333,392.1666666666667,5.775,1.6708333333333334,38.54166666666666,0.3195833333333333,2.125,1.2833333333333334,66.95833333333333,40.91666666666666,2024,5,May,Wednesday,Rainy / Wet,Moderate
2024-05-23,39.4,26.6875,496.0833333333333,6.608333333333333,2.1083333333333334,45.875,0.38125,2.2916666666666665,1.8854166666666667,76.66666666666667,55.75,2024,5,May,Thursday,Rainy / Wet,Moderate
2024-05-24,32.03333333333333,20.59583333333333,394.8333333333333,5.641666666666667,1.5875,39.75,0.3704166666666666,4.958333333333333,1.4916666666666665,72.08333333333333,49.04166666666666,2024,5,May,Friday,Rainy / Wet,Moderate
2024-05-25,31.529166666666665,21.40833333333333,410.8333333333333,5.65,1.7125,51.583333333333336,0.30375,1.7916666666666667,1.9,66.25,39.833333333333336,2024,5,May,Saturday,Rainy / Wet,Moderate
2024-05-26,35.791666666666664,23.6125,370.3333333333333,5.175,1.6625,56.625,0.4341666666666666,2.083333333333333,1.6479166666666665,75.16666666666667,55.16666666666666,2024,5,May,Sunday,Rainy / Wet,Moderate
2024-05-27,36.42083333333333,23.816666666666663,348.5,4.691666666666666,1.4,52.333333333333336,0.4941666666666666,3.2916666666666665,1.9541666666666664,71.41666666666667,48.16666666666666,2024,5,May,Monday,Rainy / Wet,Moderate
2024-05-28,31.78333333333333,20.570833333333333,326.625,5.1375,1.5,42.29166666666666,0.4475,3.125,1.0125,78.375,58.66666666666666,2024,5,May,Tuesday,Rainy / Wet,Moderate
2024-05-29,31.2375,20.7125,355.7916666666667,5.05,1.5291666666666668,45.79166666666666,0.3866666666666666,2.625,1.8854166666666667,65.5,38.66666666666666,2024,5,May,Wednesday,Rainy / Wet,Moderate
2024-05-30,42.97083333333333,28.90416666666667,479.9166666666667,6.1000000000000005,1.975,45.75,0.4808333333333334,3.9166666666666665,1.7999999999999998,72.79166666666667,49.91666666666666,2024,5,May,Thursday,Rainy / Wet,Moderate
2024-05-31,33.4,22.34583333333333,423.0833333333333,6.308333333333334,1.8291666666666664,41.66666666666666,0.3570833333333333,1.6666666666666667,1.0979166666666669,76.41666666666667,54.458333333333336,2024,5,May,Friday,Rainy / Wet,Moderate
2024-06-01,44.7125,30.59166666666667,572.25,7.708333333333333,2.3000000000000003,49.66666666666666,0.4183333333333333,1.5833333333333333,1.554166666666667,95.58333333333331,66.125,2024,6,June,Saturday,Rainy / Wet,Moderate
2024-06-02,25.3875,17.1875,370.8333333333333,5.3125,1.5708333333333335,40.875,0.2791666666666667,1.2916666666666667,0.9458333333333332,65.25,40.04166666666666,2024,6,June,Sunday,Rainy / Wet,Moderate
2024-06-03,35.09166666666667,22.925,376.375,5.641666666666667,1.7666666666666666,47.875,0.37375,2.5416666666666665,1.2583333333333333,68.66666666666667,43.79166666666666,2024,6,June,Monday,Rainy / Wet,Moderate
2024-06-04,36.7625,23.92083333333333,401.125,6.491666666666667,1.8333333333333333,38.79166666666666,0.42,5.541666666666667,0.9520833333333332,75.25,55.66666666666666,2024,6,June,Tuesday,Rainy / Wet,Moderate
2024-06-05,30.27083333333333,18.883333333333333,333.625,4.970833333333333,1.55,48.0,0.3245833333333333,8.875,1.2770833333333331,69.54166666666667,45.083333333333336,2024,6,June,Wednesday,Rainy / Wet,Moderate
2024-06-06,37.02916666666667,24.195833333333336,433.875,6.591666666666666,1.9791666666666667,36.333333333333336,0.32875,6.416666666666667,1.05,68.83333333333333,43.91666666666666,2024,6,June,Thursday,Rainy / Wet,Moderate
2024-06-07,31.425,20.4375,328.25,5.295833333333333,1.5083333333333335,43.41666666666666,0.3899999999999999,0.5833333333333334,1.34375,72.33333333333333,49.958333333333336,2024,6,June,Friday,Rainy / Wet,Moderate
2024-06-08,38.329166666666666,25.575,411.8333333333333,6.3625,1.8541666666666667,43.16666666666666,0.4983333333333333,2.833333333333333,1.2854166666666669,76.08333333333333,55.41666666666666,2024,6,June,Saturday,Rainy / Wet,Moderate
2024-06-09,33.0875,22.02916666666667,407.4583333333333,6.075,1.7041666666666666,37.79166666666666,0.3799999999999999,4.791666666666667,0.8791666666666668,73.08333333333333,51.333333333333336,2024,6,June,Sunday,Rainy / Wet,Moderate
2024-06-10,29.875,18.8125,324.1666666666667,5.0125,1.4041666666666668,40.5,0.3591666666666666,4.166666666666667,1.5395833333333335,67.41666666666667,41.54166666666666,2024,6,June,Monday,Rainy / Wet,Moderate
2024-06-11,28.941666666666663,18.825,325.125,5.066666666666666,1.3791666666666669,41.333333333333336,0.4066666666666667,1.9583333333333333,1.1916666666666669,65.33333333333333,38.5,2024,6,June,Tuesday,Rainy / Wet,Moderate
2024-06-12,39.145833333333336,26.829166666666666,508.2083333333333,7.175,2.279166666666667,47.25,0.3579166666666666,1.25,1.1291666666666669,77.375,56.29166666666666,2024,6,June,Wednesday,Rainy / Wet,Moderate
2024-06-13,25.34583333333333,17.204166666666666,326.5833333333333,4.75,1.4083333333333332,47.79166666666666,0.39625,1.0833333333333333,1.68125,66.04166666666667,41.04166666666666,2024,6,June,Thursday,Rainy / Wet,Moderate
2024-06-14,22.0,15.25,381.2916666666667,5.341666666666666,1.3625,37.25,0.2116666666666666,0.4583333333333333,0.4166666666666667,57.79166666666666,31.375,2024,6,June,Friday,Rainy / Wet,Moderate
2024-06-15,30.47083333333333,21.008333333333333,483.7083333333333,6.3500000000000005,1.8416666666666668,45.333333333333336,0.27625,0.0,1.0833333333333333,65.25,38.583333333333336,2024,6,June,Saturday,Rainy / Wet,Moderate
2024-06-16,44.82916666666667,31.2625,643.5,8.416666666666666,2.770833333333333,44.875,0.405,0.0,0.7541666666666668,75.875,54.333333333333336,2024,6,June,Sunday,Rainy / Wet,Moderate
2024-06-17,51.87083333333334,36.208333333333336,719.375,8.716666666666667,3.020833333333333,52.25,0.3704166666666666,0.0,1.4895833333333333,112.20833333333331,72.16666666666667,2024,6,June,Monday,Rainy / Wet,Unhealthy for Sensitive Groups
2024-06-18,26.979166666666668,18.5875,419.125,5.375,1.5333333333333332,56.375,0.465,0.7083333333333334,1.2229166666666669,72.75,46.91666666666666,2024,6,June,Tuesday,Rainy / Wet,Moderate
2024-06-19,27.945833333333336,18.90833333333333,400.3333333333333,4.879166666666666,1.4,46.083333333333336,0.4004166666666666,1.4166666666666667,1.24375,66.04166666666667,39.333333333333336,2024,6,June,Wednesday,Rainy / Wet,Moderate
2024-06-20,28.90416666666667,19.566666666666663,407.0,5.241666666666666,1.55,46.29166666666666,0.3729166666666666,0.5416666666666666,1.2666666666666666,61.083333333333336,34.416666666666664,2024,6,June,Thursday,Rainy / Wet,Moderate
2024-06-21,41.22083333333333,28.541666666666668,636.8333333333334,8.450000000000001,2.3916666666666666,35.625,0.4554166666666666,0.25,0.7583333333333333,83.33333333333333,60.458333333333336,2024,6,June,Friday,Rainy / Wet,Moderate
2024-06-22,24.09583333333333,16.675,463.9166666666667,4.9750000000000005,1.275,48.66666666666666,0.3033333333333333,0.0,1.7125,70.20833333333333,45.66666666666666,2024,6,June,Saturday,Rainy / Wet,Moderate
2024-06-23,30.641666666666666,20.70833333333333,444.9583333333333,5.779166666666666,1.7916666666666667,52.66666666666666,0.3933333333333333,0.2083333333333333,1.4354166666666668,62.41666666666666,35.583333333333336,2024,6,June,Sunday,Rainy / Wet,Moderate
2024-06-24,28.229166666666668,19.0875,404.7083333333333,5.458333333333333,1.4791666666666667,44.958333333333336,0.4566666666666667,0.0,1.11875,65.66666666666667,39.16666666666666,2024,6,June,Monday,Rainy / Wet,Moderate
2024-06-25,35.125,23.9125,478.4166666666667,6.554166666666667,1.9,43.083333333333336,0.3916666666666666,0.0,0.8312499999999999,67.66666666666667,41.833333333333336,2024,6,June,Tuesday,Rainy / Wet,Moderate
2024-06-26,34.92916666666667,24.308333333333334,523.375,6.433333333333334,1.7708333333333333,45.625,0.4483333333333333,0.0,1.2145833333333331,80.875,61.0,2024,6,June,Wednesday,Rainy / Wet,Moderate
2024-06-27,31.02916666666667,21.3625,491.625,6.341666666666666,1.8875,48.458333333333336,0.3229166666666667,0.0,1.3770833333333332,73.875,52.75,2024,6,June,Thursday,Rainy / Wet,Moderate
2024-06-28,31.525,21.166666666666668,448.5416666666667,6.1875,1.7375,45.16666666666666,0.41625,0.3333333333333333,1.2020833333333334,65.04166666666667,38.5,2024,6,June,Friday,Rainy / Wet,Moderate
2024-06-29,36.1625,25.0375,509.0,6.979166666666667,1.9166666666666667,40.41666666666666,0.5004166666666666,0.0,0.8250000000000001,74.58333333333333,54.25,2024,6,June,Saturday,Rainy / Wet,Moderate
2024-06-30,26.8,18.629166666666663,475.75,6.504166666666666,1.8458333333333328,47.375,0.3770833333333334,0.0,1.3270833333333334,75.20833333333333,53.958333333333336,2024,6,June,Sunday,Rainy / Wet,Moderate
2024-07-01,32.87083333333333,22.704166666666666,503.7916666666667,6.983333333333333,1.9208333333333332,39.458333333333336,0.57875,0.0,1.0979166666666669,65.91666666666667,40.16666666666666,2024,7,July,Monday,Rainy / Wet,Moderate
2024-07-02,22.92083333333333,15.891666666666666,429.125,5.183333333333334,1.5041666666666669,48.958333333333336,0.4704166666666666,0.0833333333333333,1.2333333333333334,63.29166666666666,37.208333333333336,2024,7,July,Tuesday,Rainy / Wet,Moderate
2024-07-03,26.3875,18.04583333333333,440.375,5.720833333333334,1.5333333333333332,43.375,0.3158333333333333,0.0,0.93125,60.958333333333336,34.333333333333336,2024,7,July,Wednesday,Rainy / Wet,Moderate
2024-07-04,34.90416666666667,23.995833333333334,513.625,6.8125,1.875,47.125,0.4891666666666667,0.0,0.8895833333333334,68.91666666666667,44.125,2024,7,July,Thursday,Rainy / Wet,Moderate
2024-07-05,39.625,27.4875,559.375,7.875,2.1791666666666667,41.833333333333336,0.4233333333333333,0.0,0.6625,81.95833333333333,61.208333333333336,2024,7,July,Friday,Rainy / Wet,Moderate
2024-07-06,24.729166666666668,17.208333333333332,429.125,6.033333333333332,1.7583333333333335,53.66666666666666,0.4245833333333333,0.0,1.4375,68.20833333333333,43.91666666666666,2024,7,July,Saturday,Rainy / Wet,Moderate
2024-07-07,28.079166666666666,19.275,420.7916666666667,5.775,1.5916666666666668,47.5,0.5720833333333334,0.0833333333333333,1.11875,65.375,38.66666666666666,2024,7,July,Sunday,Rainy / Wet,Moderate
2024-07-08,36.641666666666666,25.15,524.3333333333334,7.8625,2.058333333333333,40.66666666666666,0.4683333333333333,0.0,0.6708333333333334,70.91666666666667,47.458333333333336,2024,7,July,Monday,Rainy / Wet,Moderate
2024-07-09,25.241666666666664,17.316666666666666,434.5416666666667,6.470833333333334,1.7041666666666666,44.708333333333336,0.3008333333333333,0.0,1.2479166666666666,69.625,45.375,2024,7,July,Tuesday,Rainy / Wet,Moderate
2024-07-10,31.77083333333333,21.52916666666667,415.25,6.4625,1.6875,42.458333333333336,0.3591666666666666,0.125,1.0666666666666669,66.29166666666667,40.583333333333336,2024,7,July,Wednesday,Rainy / Wet,Moderate
2024-07-11,25.379166666666663,17.2625,385.2916666666667,6.15,1.5041666666666669,39.083333333333336,0.21625,0.0833333333333333,0.5541666666666667,65.33333333333333,39.208333333333336,2024,7,July,Thursday,Rainy / Wet,Moderate
2024-07-12,32.275,21.875,443.5416666666667,7.125,1.7458333333333331,42.04166666666666,0.4758333333333333,0.0,0.69375,61.583333333333336,34.75,2024,7,July,Friday,Rainy / Wet,Moderate
2024-07-13,30.98333333333333,21.254166666666663,452.0833333333333,7.066666666666666,1.7583333333333335,39.66666666666666,0.4645833333333333,0.0,0.93125,76.66666666666667,57.625,2024,7,July,Saturday,Rainy / Wet,Moderate
2024-07-14,28.429166666666664,19.433333333333334,449.9583333333333,6.741666666666667,1.9458333333333333,47.54166666666666,0.3579166666666666,0.0,1.2229166666666669,69.58333333333333,44.5,2024,7,July,Sunday,Rainy / Wet,Moderate
2024-07-15,23.929166666666664,15.991666666666667,337.2083333333333,4.8375,1.2958333333333334,46.375,0.335,0.0,1.0375,59.25,32.583333333333336,2024,7,July,Monday,Rainy / Wet,Moderate
2024-07-16,27.8,18.883333333333333,396.3333333333333,5.95,1.4666666666666668,41.54166666666666,0.3108333333333333,0.0,0.7520833333333333,61.16666666666666,34.5,2024,7,July,Tuesday,Rainy / Wet,Moderate
2024-07-17,26.575,18.20833333333333,417.7916666666667,6.2,1.525,38.375,0.235,0.0,0.7270833333333333,64.5,37.583333333333336,2024,7,July,Wednesday,Rainy / Wet,Moderate
2024-07-18,20.370833333333334,13.8125,337.1666666666667,4.679166666666666,1.1916666666666669,40.375,0.25,0.0,0.8624999999999999,59.083333333333336,32.541666666666664,2024,7,July,Thursday,Rainy / Wet,Moderate
2024-07-19,24.02083333333333,16.1125,334.7916666666667,4.891666666666667,1.225,38.833333333333336,0.3470833333333333,0.0,0.5270833333333333,53.79166666666666,27.58333333333333,2024,7,July,Friday,Rainy / Wet,Moderate
2024-07-20,24.454166666666666,15.604166666666666,263.75,3.583333333333333,0.9791666666666666,44.0,0.5825,0.625,1.05625,61.083333333333336,34.333333333333336,2024,7,July,Saturday,Rainy / Wet,Moderate
2024-07-21,27.59583333333333,17.541666666666668,295.375,4.0,1.25,49.625,0.4733333333333333,0.0,1.8041666666666665,59.958333333333336,33.291666666666664,2024,7,July,Sunday,Rainy / Wet,Moderate
2024-07-22,26.3625,17.3625,307.875,4.304166666666666,1.3333333333333333,46.583333333333336,0.4108333333333333,0.0,1.4833333333333334,63.25,36.583333333333336,2024,7,July,Monday,Rainy / Wet,Moderate
2024-07-23,21.279166666666665,13.854166666666666,272.0416666666667,3.695833333333333,1.1291666666666669,45.625,0.4266666666666667,0.0833333333333333,1.76875,55.583333333333336,29.375,2024,7,July,Tuesday,Rainy / Wet,Moderate
2024-07-24,20.8,13.445833333333333,279.4166666666667,3.5083333333333333,1.075,48.5,0.485,0.0,1.5854166666666665,53.333333333333336,27.70833333333333,2024,7,July,Wednesday,Rainy / Wet,Moderate
2024-07-25,19.8,12.758333333333333,283.7083333333333,3.6666666666666665,1.0708333333333333,43.625,0.41625,0.0,1.36875,52.625,26.45833333333333,2024,7,July,Thursday,Rainy / Wet,Moderate
2024-07-26,23.7875,15.458333333333334,304.5833333333333,4.229166666666667,1.1666666666666667,40.958333333333336,0.4070833333333333,0.0,1.3833333333333335,54.16666666666666,27.916666666666668,2024,7,July,Friday,Rainy / Wet,Moderate
2024-07-27,24.308333333333334,16.195833333333333,342.7916666666667,5.170833333333333,1.2958333333333334,37.708333333333336,0.3670833333333334,0.4166666666666667,1.1479166666666667,59.0,32.75,2024,7,July,Saturday,Rainy / Wet,Moderate
2024-07-28,20.6625,13.508333333333333,322.2916666666667,4.15,1.1041666666666667,43.66666666666666,0.2670833333333333,0.5,1.125,54.25,28.041666666666668,2024,7,July,Sunday,Rainy / Wet,Moderate
2024-07-29,25.916666666666668,16.670833333333334,360.3333333333333,4.766666666666667,1.2625,44.25,0.3645833333333333,1.9166666666666667,0.9708333333333332,57.04166666666666,30.625,2024,7,July,Monday,Rainy / Wet,Moderate
2024-07-30,21.745833333333334,14.316666666666668,316.5,3.758333333333333,1.0458333333333334,44.333333333333336,0.4291666666666667,0.9166666666666666,1.13125,58.04166666666666,31.45833333333333,2024,7,July,Tuesday,Rainy / Wet,Moderate
2024-07-31,24.05,15.408333333333331,273.6666666666667,3.533333333333333,1.075,45.125,0.3766666666666666,0.8333333333333334,1.375,56.0,29.58333333333333,2024,7,July,Wednesday,Rainy / Wet,Moderate
2024-08-01,20.666666666666668,13.275,233.66666666666663,3.2375000000000003,0.9333333333333332,44.625,0.2929166666666666,0.625,1.3395833333333331,55.0,28.75,2024,8,August,Thursday,Rainy / Wet,Moderate
2024-08-02,26.004166666666663,16.349999999999998,257.3333333333333,3.65,1.0541666666666667,43.54166666666666,0.3420833333333333,0.3333333333333333,1.5770833333333334,56.41666666666666,30.041666666666668,2024,8,August,Friday,Rainy / Wet,Moderate
2024-08-03,29.620833333333334,19.304166666666667,298.0416666666667,5.241666666666666,1.4958333333333331,41.125,0.44875,0.75,1.7354166666666666,65.33333333333333,38.5,2024,8,August,Saturday,Rainy / Wet,Moderate
2024-08-04,23.354166666666668,14.983333333333334,240.75,3.6458333333333335,1.1,40.875,0.5670833333333333,0.0833333333333333,1.7208333333333334,57.0,30.625,2024,8,August,Sunday,Rainy / Wet,Moderate
2024-08-05,24.05,15.679166666666667,260.0416666666667,4.020833333333333,1.1375,40.75,0.5599999999999999,0.2083333333333333,1.5708333333333335,58.0,31.625,2024,8,August,Monday,Rainy / Wet,Moderate
2024-08-06,19.65833333333333,12.854166666666666,224.5,3.529166666666667,0.9708333333333332,36.04166666666666,0.5375,0.25,1.1104166666666666,54.25,28.0,2024,8,August,Tuesday,Rainy / Wet,Moderate
2024-08-07,19.466666666666665,12.566666666666668,198.875,3.0416666666666665,0.9083333333333332,44.04166666666666,0.4616666666666666,0.2083333333333333,1.7708333333333333,51.708333333333336,25.666666666666668,2024,8,August,Wednesday,Rainy / Wet,Moderate
2024-08-08,23.2625,15.208333333333334,229.29166666666663,3.7375,1.1666666666666667,42.708333333333336,0.5325000000000001,0.5,1.5375,54.458333333333336,28.20833333333333,2024,8,August,Thursday,Rainy / Wet,Moderate
2024-08-09,20.78333333333333,13.541666666666666,223.91666666666663,3.625,1.1333333333333333,47.54166666666666,0.4733333333333333,0.0,1.7770833333333331,55.66666666666666,29.33333333333333,2024,8,August,Friday,Rainy / Wet,Moderate
2024-08-10,18.558333333333334,12.258333333333333,228.04166666666663,3.420833333333333,1.0875,46.833333333333336,0.4579166666666667,0.0,1.925,51.333333333333336,26.0,2024,8,August,Saturday,Rainy / Wet,Moderate
2024-08-11,21.425,14.154166666666669,233.95833333333331,3.654166666666667,1.0916666666666666,42.5,0.3416666666666666,0.0,1.3104166666666666,52.04166666666666,26.0,2024,8,August,Sunday,Rainy / Wet,Moderate
2024-08-12,22.741666666666664,15.070833333333333,241.45833333333331,4.0125,1.1708333333333334,40.625,0.44125,0.0,1.3145833333333334,55.79166666666666,29.20833333333333,2024,8,August,Monday,Rainy / Wet,Moderate
2024-08-13,22.58333333333333,14.733333333333334,247.33333333333331,4.083333333333333,1.1125,37.5,0.51375,0.0,1.0375,57.0,30.5,2024,8,August,Tuesday,Rainy / Wet,Moderate
2024-08-14,24.454166666666666,16.1125,320.5416666666667,5.0375000000000005,1.4333333333333331,39.708333333333336,0.62375,0.0,1.30625,58.16666666666666,31.375,2024,8,August,Wednesday,Rainy / Wet,Moderate
2024-08-15,26.7875,18.116666666666667,378.5416666666667,5.675,1.5375,38.375,0.6737500000000001,0.0,1.31875,58.66666666666666,32.208333333333336,2024,8,August,Thursday,Rainy / Wet,Moderate
2024-08-16,21.9875,14.641666666666666,317.9583333333333,4.666666666666667,1.2625,38.25,0.6604166666666667,0.0,0.7999999999999999,61.125,34.333333333333336,2024,8,August,Friday,Rainy / Wet,Moderate
2024-08-17,20.4125,13.370833333333332,290.75,4.095833333333333,1.1083333333333334,39.41666666666666,0.6083333333333333,0.0,0.8125,53.208333333333336,27.041666666666668,2024,8,August,Saturday,Rainy / Wet,Moderate
2024-08-18,31.02083333333333,21.070833333333333,436.5,6.9375,1.8583333333333332,34.833333333333336,0.7050000000000001,0.0,1.09375,60.458333333333336,34.083333333333336,2024,8,August,Sunday,Rainy / Wet,Moderate
2024-08-19,29.2625,20.34583333333333,458.125,6.275,1.5708333333333335,28.791666666666668,0.3008333333333333,0.0,0.7937500000000001,71.79166666666667,49.04166666666666,2024,8,August,Monday,Rainy / Wet,Moderate
2024-08-20,21.55,14.254166666666668,355.625,4.595833333333333,1.1541666666666666,33.708333333333336,0.3129166666666667,0.0,0.94375,58.875,32.375,2024,8,August,Tuesday,Rainy / Wet,Moderate
2024-08-21,26.53333333333333,17.575,401.9166666666667,5.625,1.6083333333333334,36.125,0.5845833333333333,0.0,1.0,59.708333333333336,33.083333333333336,2024,8,August,Wednesday,Rainy / Wet,Moderate
2024-08-22,23.025,15.5,338.8333333333333,4.0625,1.1916666666666669,37.5,0.7829166666666666,0.0,1.3,58.833333333333336,32.333333333333336,2024,8,August,Thursday,Rainy / Wet,Moderate
2024-08-23,21.48333333333333,14.0125,307.4583333333333,4.1125,1.0833333333333333,32.208333333333336,0.6695833333333333,0.0,0.7458333333333332,52.625,26.666666666666668,2024,8,August,Friday,Rainy / Wet,Moderate
2024-08-24,30.391666666666666,19.90833333333333,372.125,5.645833333333333,1.4833333333333334,33.916666666666664,0.7829166666666666,0.0,1.125,60.333333333333336,33.833333333333336,2024,8,August,Saturday,Rainy / Wet,Moderate
2024-08-25,27.204166666666666,18.291666666666668,364.75,5.9,1.5625,31.25,0.5529166666666666,0.625,0.6833333333333332,68.25,42.208333333333336,2024,8,August,Sunday,Rainy / Wet,Moderate
2024-08-26,21.7375,14.520833333333334,353.5416666666667,5.2125,1.3125,32.166666666666664,0.1895833333333333,1.9583333333333333,0.8166666666666668,58.375,31.916666666666668,2024,8,August,Monday,Rainy / Wet,Moderate
2024-08-27,21.15,14.0375,319.5,4.166666666666667,1.1166666666666667,35.458333333333336,0.4254166666666667,0.375,1.3479166666666669,55.04166666666666,28.75,2024,8,August,Tuesday,Rainy / Wet,Moderate
2024-08-28,26.425,17.566666666666666,379.4166666666667,5.133333333333334,1.4166666666666667,40.458333333333336,0.4895833333333333,0.0,1.51875,59.66666666666666,33.208333333333336,2024,8,August,Wednesday,Rainy / Wet,Moderate
2024-08-29,29.495833333333334,19.704166666666666,359.7916666666667,4.525,1.2875,37.91666666666666,0.7204166666666666,1.0833333333333333,1.01875,61.583333333333336,34.875,2024,8,August,Thursday,Rainy / Wet,Moderate
2024-08-30,24.025,15.904166666666669,346.4583333333333,4.283333333333333,1.1666666666666667,35.875,0.6154166666666666,0.7916666666666666,0.8875000000000001,63.16666666666666,36.41666666666666,2024,8,August,Friday,Rainy / Wet,Moderate
2024-08-31,25.95833333333333,16.75,318.375,4.229166666666667,1.1,38.333333333333336,0.46625,0.0,0.9583333333333334,59.125,32.416666666666664,2024,8,August,Saturday,Rainy / Wet,Moderate
2024-09-01,30.6375,20.3875,402.875,5.879166666666666,1.5666666666666669,42.458333333333336,0.5437500000000001,0.0,1.7895833333333335,66.0,39.66666666666666,2024,9,September,Sunday,Rainy / Wet,Moderate
2024-09-02,31.23333333333333,21.1875,400.0833333333333,5.691666666666666,1.4958333333333331,37.458333333333336,0.7066666666666667,0.0,0.8666666666666667,65.20833333333333,38.625,2024,9,September,Monday,Rainy / Wet,Moderate
2024-09-03,29.22083333333333,19.954166666666666,411.75,5.591666666666666,1.4833333333333334,41.16666666666666,0.6345833333333334,0.0,1.2041666666666666,69.625,44.79166666666666,2024,9,September,Tuesday,Rainy / Wet,Moderate
2024-09-04,26.03333333333333,17.625,393.0833333333333,5.233333333333333,1.35,36.625,0.4654166666666666,0.0,1.3979166666666665,65.66666666666667,38.79166666666666,2024,9,September,Wednesday,Rainy / Wet,Moderate
2024-09-05,23.870833333333334,16.349999999999998,396.6666666666667,5.795833333333333,1.4375,34.583333333333336,0.3666666666666667,0.0,1.0541666666666667,57.458333333333336,31.125,2024,9,September,Thursday,Rainy / Wet,Moderate
2024-09-06,33.354166666666664,22.95,486.6666666666667,7.625,2.029166666666667,29.25,0.3595833333333333,0.0,1.3083333333333331,66.16666666666667,40.29166666666666,2024,9,September,Friday,Rainy / Wet,Moderate
2024-09-07,38.775,26.758333333333336,602.0833333333334,9.65,2.6375,32.833333333333336,0.2933333333333333,0.0,1.0479166666666668,77.5,59.0,2024,9,September,Saturday,Rainy / Wet,Moderate
2024-09-08,39.32083333333333,27.1,603.125,8.991666666666667,1.7875,39.833333333333336,0.3766666666666666,0.0,1.49375,91.875,65.125,2024,9,September,Sunday,Rainy / Wet,Moderate
2024-09-09,24.60833333333333,17.0,433.625,5.695833333333333,1.4583333333333333,39.29166666666666,0.3558333333333333,0.0,1.3979166666666665,63.66666666666666,37.958333333333336,2024,9,September,Monday,Rainy / Wet,Moderate
2024-09-10,20.15833333333333,14.020833333333334,393.2916666666667,5.070833333333334,1.2916666666666667,31.166666666666668,0.3216666666666666,0.0,1.0979166666666669,57.04166666666666,30.75,2024,9,September,Tuesday,Rainy / Wet,Moderate
2024-09-11,23.025,15.791666666666666,404.2916666666667,6.295833333333333,1.4958333333333331,30.58333333333333,0.1933333333333333,0.0,1.0854166666666667,54.75,28.58333333333333,2024,9,September,Wednesday,Rainy / Wet,Moderate
2024-09-12,25.02916666666667,17.150000000000002,415.5,6.4,1.65,34.708333333333336,0.2470833333333333,0.0,1.2041666666666666,62.333333333333336,35.666666666666664,2024,9,September,Thursday,Rainy / Wet,Moderate
2024-09-13,31.629166666666663,22.058333333333334,493.6666666666667,7.1875,1.8291666666666664,29.70833333333333,0.2779166666666666,0.0,1.0875,63.958333333333336,37.458333333333336,2024,9,September,Friday,Rainy / Wet,Moderate
2024-09-14,23.05,15.925,384.5833333333333,5.929166666666667,1.4083333333333332,29.75,0.265,0.0,0.8895833333333334,65.66666666666667,39.875,2024,9,September,Saturday,Rainy / Wet,Moderate
2024-09-15,25.5375,17.804166666666667,411.8333333333333,6.579166666666667,1.7375,34.958333333333336,0.2345833333333333,0.0,1.05,61.458333333333336,34.666666666666664,2024,9,September,Sunday,Rainy / Wet,Moderate
2024-09-16,25.1375,17.391666666666666,379.7916666666667,5.5375000000000005,1.4125,36.125,0.2641666666666666,0.3333333333333333,1.4708333333333332,62.458333333333336,35.791666666666664,2024,9,September,Monday,Rainy / Wet,Moderate
2024-09-17,26.75,18.058333333333334,377.125,5.9750000000000005,1.4666666666666668,29.875,0.335,1.125,0.925,60.125,33.458333333333336,2024,9,September,Tuesday,Rainy / Wet,Moderate
2024-09-18,35.525,24.320833333333336,496.0,8.441666666666666,2.254166666666667,31.5,0.2479166666666666,1.0833333333333333,0.9020833333333332,71.125,48.25,2024,9,September,Wednesday,Rainy / Wet,Moderate
2024-09-19,30.71666666666667,20.9875,438.6666666666667,7.029166666666666,1.8,36.66666666666666,0.2545833333333333,1.3333333333333333,1.4895833333333333,71.625,48.5,2024,9,September,Thursday,Rainy / Wet,Moderate
2024-09-20,36.525,25.27916666666667,531.375,8.708333333333334,2.183333333333333,30.5,0.2404166666666667,0.5416666666666666,1.3583333333333334,73.33333333333333,51.66666666666666,2024,9,September,Friday,Rainy / Wet,Moderate
2024-09-21,33.016666666666666,22.829166666666666,488.0416666666667,7.170833333333333,1.8208333333333333,37.16666666666666,0.3041666666666666,0.875,1.1375,77.66666666666667,59.25,2024,9,September,Saturday,Rainy / Wet,Moderate
2024-09-22,24.979166666666668,16.954166666666666,380.5416666666667,6.4125000000000005,1.5916666666666668,38.91666666666666,0.1795833333333333,0.3333333333333333,1.20625,65.625,39.79166666666666,2024,9,September,Sunday,Rainy / Wet,Moderate
2024-09-23,30.29583333333333,20.454166666666666,416.125,7.220833333333334,1.825,32.083333333333336,0.1983333333333333,0.0,0.84375,64.79166666666667,37.875,2024,9,September,Monday,Rainy / Wet,Moderate
2024-09-24,36.925,25.2,522.6666666666666,8.775,2.0125,27.20833333333333,0.235,0.0,1.0625,74.875,54.375,2024,9,September,Tuesday,Rainy / Wet,Moderate
2024-09-25,37.60416666666666,25.883333333333336,549.375,9.183333333333334,2.270833333333333,33.416666666666664,0.23,0.0,0.9,77.54166666666667,59.16666666666666,2024,9,September,Wednesday,Rainy / Wet,Moderate
2024-09-26,29.575,20.55,442.7916666666667,6.0875,1.5166666666666666,34.041666666666664,0.2729166666666666,0.0,1.175,74.5,53.91666666666666,2024,9,September,Thursday,Rainy / Wet,Moderate
2024-09-27,28.47083333333333,19.416666666666668,400.4583333333333,6.658333333333334,1.575,26.75,0.28625,0.0,0.8541666666666666,63.79166666666666,37.125,2024,9,September,Friday,Rainy / Wet,Moderate
2024-09-28,37.79583333333333,25.89583333333333,503.25,7.666666666666667,2.1125000000000003,35.625,0.27125,0.0,1.1375,71.5,48.41666666666666,2024,9,September,Saturday,Rainy / Wet,Moderate
2024-09-29,37.22916666666666,25.979166666666668,537.625,7.104166666666667,1.9375,34.875,0.295,0.0,1.4270833333333333,84.125,62.5,2024,9,September,Sunday,Rainy / Wet,Moderate
2024-09-30,30.45833333333333,20.879166666666663,424.875,6.525,1.7375,38.125,0.31375,0.0,1.3270833333333332,74.41666666666667,53.66666666666666,2024,9,September,Monday,Rainy / Wet,Moderate
2024-10-01,31.14583333333333,20.92083333333333,405.0833333333333,6.5625,1.6416666666666666,29.20833333333333,0.3433333333333333,0.0416666666666666,1.3916666666666666,64.29166666666667,37.75,2024,10,October,Tuesday,Rainy / Wet,Moderate
2024-10-02,31.90833333333333,20.8375,431.75,6.125,1.575,35.708333333333336,0.4016666666666666,5.25,1.0791666666666666,72.875,51.208333333333336,2024,10,October,Wednesday,Rainy / Wet,Moderate
2024-10-03,26.5375,17.558333333333334,377.5,5.5,1.3541666666666667,30.25,0.29125,2.6666666666666665,0.7312500000000001,63.875,37.0,2024,10,October,Thursday,Rainy / Wet,Moderate
2024-10-04,21.10833333333333,14.116666666666667,323.2083333333333,5.154166666666667,1.1916666666666669,32.25,0.1420833333333333,0.75,0.6520833333333333,60.208333333333336,33.625,2024,10,October,Friday,Rainy / Wet,Moderate
2024-10-05,24.120833333333334,16.433333333333334,357.5833333333333,6.208333333333333,1.4666666666666668,32.0,0.1320833333333333,0.0,1.0875,53.29166666666666,27.20833333333333,2024,10,October,Saturday,Rainy / Wet,Moderate
2024-10-06,28.704166666666666,20.02083333333333,457.0833333333333,6.858333333333333,1.6166666666666665,31.125,0.2208333333333333,0.0,0.7895833333333333,61.29166666666666,34.625,2024,10,October,Sunday,Rainy / Wet,Moderate
2024-10-07,37.67083333333333,26.079166666666666,539.625,8.458333333333334,2.004166666666667,35.666666666666664,0.3216666666666666,0.5833333333333334,1.1875,78.08333333333333,56.79166666666666,2024,10,October,Monday,Rainy / Wet,Moderate
2024-10-08,40.579166666666666,28.016666666666666,563.5833333333334,7.9375,2.1750000000000003,42.333333333333336,0.3125,1.75,1.5166666666666666,83.45833333333333,62.083333333333336,2024,10,October,Tuesday,Rainy / Wet,Moderate
2024-10-09,29.08333333333333,20.004166666666663,426.5833333333333,7.4875,1.9416666666666669,35.541666666666664,0.1608333333333333,0.375,0.95,72.375,49.04166666666666,2024,10,October,Wednesday,Rainy / Wet,Moderate
2024-10-10,41.9375,28.825,577.0,8.025,2.1083333333333334,41.375,0.2354166666666667,0.625,2.1437500000000003,86.20833333333333,61.583333333333336,2024,10,October,Thursday,Rainy / Wet,Moderate
2024-10-11,25.804166666666664,17.7,354.5,5.629166666666666,1.4666666666666668,41.25,0.3054166666666666,0.75,1.6541666666666668,64.91666666666667,39.66666666666666,2024,10,October,Friday,Rainy / Wet,Moderate
2024-10-12,31.59583333333333,21.816666666666663,441.7083333333333,7.229166666666667,1.7208333333333332,30.25,0.2870833333333333,0.0,1.0875,64.33333333333333,37.66666666666666,2024,10,October,Saturday,Rainy / Wet,Moderate
2024-10-13,30.133333333333336,20.35,407.0833333333333,7.025,1.6041666666666667,29.416666666666668,0.2370833333333333,0.0,1.3208333333333333,73.25,51.625,2024,10,October,Sunday,Rainy / Wet,Moderate
2024-10-14,36.016666666666666,24.72083333333333,467.8333333333333,7.462499999999999,1.9666666666666663,38.91666666666666,0.25125,0.0,1.05,66.16666666666667,39.583333333333336,2024,10,October,Monday,Rainy / Wet,Moderate
2024-10-15,44.8,31.03333333333333,603.7916666666666,9.279166666666669,2.4250000000000003,40.708333333333336,0.2925,0.7083333333333334,1.6770833333333333,89.20833333333333,64.25,2024,10,October,Tuesday,Rainy / Wet,Moderate
2024-10-16,22.629166666666663,15.629166666666668,398.2916666666667,6.5875,1.6541666666666668,40.208333333333336,0.1933333333333333,0.0416666666666666,1.23125,70.66666666666667,45.75,2024,10,October,Wednesday,Rainy / Wet,Moderate
2024-10-17,42.03333333333333,28.820833333333336,643.9166666666666,10.15,1.9291666666666665,26.70833333333333,0.2070833333333333,0.0,1.0895833333333331,76.04166666666667,53.91666666666666,2024,10,October,Thursday,Rainy / Wet,Moderate
2024-10-18,38.016666666666666,26.304166666666664,524.8333333333334,8.004166666666666,1.9708333333333328,38.208333333333336,0.2641666666666666,0.0,1.61875,81.95833333333333,61.625,2024,10,October,Friday,Rainy / Wet,Moderate
2024-10-19,29.804166666666664,20.666666666666668,451.2083333333333,7.033333333333334,1.7333333333333334,39.708333333333336,0.2870833333333333,0.0,1.81875,76.04166666666667,56.5,2024,10,October,Saturday,Rainy / Wet,Moderate
2024-10-20,33.045833333333334,22.808333333333334,488.4583333333333,8.0625,1.8958333333333333,33.708333333333336,0.2545833333333333,0.25,0.8979166666666667,64.95833333333333,38.375,2024,10,October,Sunday,Rainy / Wet,Moderate
2024-10-21,46.2375,32.045833333333334,626.0,9.891666666666667,2.4625,39.333333333333336,0.2854166666666666,0.6666666666666666,1.2791666666666666,86.95833333333333,63.083333333333336,2024,10,October,Monday,Rainy / Wet,Moderate
2024-10-22,37.0375,25.5,512.5416666666666,8.533333333333333,2.2583333333333333,42.5,0.36,0.375,1.5520833333333333,86.125,63.208333333333336,2024,10,October,Tuesday,Rainy / Wet,Moderate
2024-10-23,29.475,20.14583333333333,416.7083333333333,6.191666666666666,1.5916666666666668,43.583333333333336,0.3875,0.5833333333333334,1.6020833333333335,71.04166666666667,47.458333333333336,2024,10,October,Wednesday,Rainy / Wet,Moderate
2024-10-24,24.3125,16.4875,360.7916666666667,6.029166666666666,1.475,37.0,0.3662499999999999,1.875,0.9645833333333336,62.91666666666666,36.333333333333336,2024,10,October,Thursday,Rainy / Wet,Moderate
2024-10-25,31.758333333333336,22.09166666666667,465.4583333333333,7.1625000000000005,1.7541666666666669,36.75,0.3116666666666667,0.625,1.1458333333333333,66.16666666666667,40.16666666666666,2024,10,October,Friday,Rainy / Wet,Moderate
2024-10-26,28.6125,19.79583333333333,640.2916666666666,5.966666666666666,1.525,42.54166666666666,0.3916666666666666,0.5,1.9333333333333331,70.08333333333333,45.708333333333336,2024,10,October,Saturday,Rainy / Wet,Moderate
2024-10-27,33.1625,22.195833333333336,547.5833333333334,7.170833333333333,1.8,41.25,0.4304166666666666,3.7083333333333335,1.1875,68.33333333333333,42.91666666666666,2024,10,October,Sunday,Rainy / Wet,Moderate
2024-10-28,30.625,21.05,484.0,7.5125,1.6708333333333334,34.416666666666664,0.3841666666666667,2.083333333333333,0.8270833333333334,68.91666666666667,43.79166666666666,2024,10,October,Monday,Rainy / Wet,Moderate
2024-10-29,28.59166666666667,19.979166666666668,473.375,7.191666666666666,1.8166666666666669,38.54166666666666,0.2458333333333333,0.3333333333333333,1.3604166666666666,68.875,43.708333333333336,2024,10,October,Tuesday,Rainy / Wet,Moderate
2024-10-30,41.575,28.666666666666668,459.9583333333333,9.741666666666667,1.7125,38.54166666666666,0.3904166666666666,1.75,1.7020833333333334,81.625,58.79166666666666,2024,10,October,Wednesday,Rainy / Wet,Moderate
2024-10-31,35.27916666666667,23.416666666666668,594.5416666666666,6.654166666666666,1.7291666666666667,48.625,0.5116666666666666,5.75,1.33125,75.75,54.708333333333336,2024,10,October,Thursday,Rainy / Wet,Moderate
2024-11-01,31.09583333333333,20.558333333333334,475.4583333333333,5.533333333333334,1.4083333333333332,51.708333333333336,0.50875,6.5,1.2520833333333334,69.70833333333333,45.083333333333336,2024,11,November,Friday,Harmattan / Dry,Moderate
2024-11-02,27.65416666666667,18.89166666666667,526.0416666666666,5.925,1.4583333333333333,45.125,0.5175,3.083333333333333,1.1416666666666668,65.75,39.29166666666666,2024,11,November,Saturday,Harmattan / Dry,Moderate
2024-11-03,44.458333333333336,30.34166666666667,668.0416666666666,8.470833333333333,1.8583333333333332,53.458333333333336,0.4804166666666666,4.625,1.6729166666666666,84.04166666666667,59.458333333333336,2024,11,November,Sunday,Harmattan / Dry,Moderate
2024-11-04,31.7125,21.454166666666666,449.75,4.779166666666667,1.4,62.5,0.44125,5.583333333333333,1.9166666666666667,74.125,51.833333333333336,2024,11,November,Monday,Harmattan / Dry,Moderate
2024-11-05,27.85,18.45,481.5416666666667,4.529166666666667,1.3041666666666667,58.41666666666666,0.4287499999999999,5.541666666666667,1.7854166666666669,65.04166666666667,39.958333333333336,2024,11,November,Tuesday,Harmattan / Dry,Moderate
2024-11-06,32.270833333333336,21.175,419.2083333333333,5.320833333333334,1.35,53.625,0.42875,7.208333333333333,1.4541666666666666,66.66666666666667,40.083333333333336,2024,11,November,Wednesday,Harmattan / Dry,Moderate
2024-11-07,43.958333333333336,30.5,519.75,8.204166666666667,2.1875,56.125,0.4958333333333333,5.625,1.1145833333333333,70.75,46.208333333333336,2024,11,November,Thursday,Harmattan / Dry,Moderate
2024-11-08,48.71666666666667,32.229166666666664,458.125,6.070833333333333,1.8125,65.25,0.5466666666666666,13.875,1.6041666666666667,104.16666666666669,69.54166666666667,2024,11,November,Friday,Harmattan / Dry,Unhealthy for Sensitive Groups
2024-11-09,30.85833333333333,21.14583333333333,420.125,4.783333333333333,1.2416666666666667,53.91666666666666,0.5,6.5,0.8770833333333333,80.70833333333333,58.91666666666666,2024,11,November,Saturday,Harmattan / Dry,Moderate
2024-11-10,29.73333333333333,20.60833333333333,450.8333333333333,6.395833333333333,1.7875,49.958333333333336,0.4108333333333333,3.375,1.275,64.41666666666667,37.625,2024,11,November,Sunday,Harmattan / Dry,Moderate
2024-11-11,46.84166666666667,30.09583333333333,528.375,6.916666666666667,1.6125,54.91666666666666,0.3833333333333333,14.708333333333334,2.033333333333333,83.875,60.375,2024,11,November,Monday,Harmattan / Dry,Moderate
2024-11-12,41.829166666666666,28.0625,488.2083333333333,6.316666666666666,1.8958333333333333,55.958333333333336,0.4270833333333333,16.541666666666668,1.6625,80.29166666666667,60.708333333333336,2024,11,November,Tuesday,Harmattan / Dry,Moderate
2024-11-13,34.06666666666667,25.9625,398.2083333333333,6.383333333333333,1.8875,63.25,0.4854166666666666,12.208333333333334,1.1895833333333334,85.875,63.04166666666666,2024,11,November,Wednesday,Harmattan / Dry,Moderate
2024-11-14,31.041666666666668,25.85,390.4166666666667,7.420833333333333,2.145833333333333,59.583333333333336,0.5337500000000001,7.375,0.8270833333333334,76.125,56.875,2024,11,November,Thursday,Harmattan / Dry,Moderate
2024-11-15,26.275,21.866666666666664,410.7083333333333,6.908333333333334,2.15,60.75,0.4066666666666667,5.25,1.1583333333333334,79.625,60.16666666666666,2024,11,November,Friday,Harmattan / Dry,Moderate
2024-11-16,32.5375,25.4375,410.125,7.141666666666667,2.254166666666667,63.29166666666666,0.3416666666666666,10.833333333333334,1.7729166666666665,72.20833333333333,49.79166666666666,2024,11,November,Saturday,Harmattan / Dry,Moderate
2024-11-17,31.8125,23.2125,382.7083333333333,5.5125,1.9708333333333328,64.25,0.3966666666666666,12.583333333333334,1.725,76.04166666666667,56.41666666666666,2024,11,November,Sunday,Harmattan / Dry,Moderate
2024-11-18,31.46666666666667,24.02083333333333,404.9583333333333,5.875,2.154166666666667,71.54166666666667,0.4304166666666666,10.666666666666666,1.7833333333333332,75.33333333333333,56.375,2024,11,November,Monday,Harmattan / Dry,Moderate
2024-11-19,32.612500000000004,25.2875,398.8333333333333,6.7,2.066666666666667,63.16666666666666,0.5425,10.083333333333334,1.3541666666666667,74.33333333333333,53.583333333333336,2024,11,November,Tuesday,Harmattan / Dry,Moderate
2024-11-20,40.825,30.133333333333336,384.7083333333333,6.191666666666666,2.3041666666666667,73.625,0.6025,16.333333333333332,1.4625,86.375,63.25,2024,11,November,Wednesday,Harmattan / Dry,Moderate
2024-11-21,35.270833333333336,24.84166666666667,396.375,4.704166666666667,1.8583333333333332,75.79166666666667,0.4845833333333333,16.666666666666668,1.7541666666666669,83.16666666666667,62.0,2024,11,November,Thursday,Harmattan / Dry,Moderate
2024-11-22,37.5625,28.541666666666668,384.0833333333333,6.754166666666666,2.225,66.33333333333333,0.5145833333333333,13.958333333333334,1.49375,78.20833333333333,59.5,2024,11,November,Friday,Harmattan / Dry,Moderate
2024-11-23,35.041666666666664,27.366666666666664,397.5,6.929166666666667,2.2375000000000003,64.95833333333333,0.4845833333333333,11.666666666666666,1.6666666666666667,88.0,63.75,2024,11,November,Saturday,Harmattan / Dry,Moderate
2024-11-24,35.125,25.72083333333333,453.75,6.154166666666666,2.2958333333333334,65.04166666666667,0.4079166666666666,14.166666666666666,1.7666666666666666,79.04166666666667,60.54166666666666,2024,11,November,Sunday,Harmattan / Dry,Moderate
2024-11-25,35.53333333333333,23.929166666666664,340.875,5.283333333333333,2.075,69.33333333333333,0.4745833333333333,18.95833333333333,1.6770833333333333,78.20833333333333,60.083333333333336,2024,11,November,Monday,Harmattan / Dry,Moderate
2024-11-26,25.7125,18.554166666666667,397.75,4.704166666666667,1.7625,68.08333333333333,0.4908333333333333,11.125,1.3375,68.875,45.583333333333336,2024,11,November,Tuesday,Harmattan / Dry,Moderate
2024-11-27,39.72916666666666,25.929166666666664,350.7916666666667,5.766666666666667,2.066666666666667,74.41666666666667,0.44375,24.08333333333333,1.7520833333333332,68.91666666666667,46.083333333333336,2024,11,November,Wednesday,Harmattan / Dry,Moderate
2024-11-28,49.458333333333336,31.041666666666668,442.25,6.729166666666667,2.308333333333333,75.79166666666667,0.4395833333333334,31.75,1.8104166666666668,88.08333333333333,63.958333333333336,2024,11,November,Thursday,Harmattan / Dry,Moderate
2024-11-29,58.66666666666666,35.30416666666667,420.0,6.5875,2.3833333333333333,79.79166666666667,0.4895833333333333,40.333333333333336,1.8375,94.33333333333331,66.20833333333333,2024,11,November,Friday,Harmattan / Dry,Moderate
2024-11-30,63.4625,39.16666666666666,414.6666666666667,6.583333333333333,2.5083333333333333,89.125,0.56125,43.208333333333336,1.8354166666666665,100.16666666666669,68.33333333333333,2024,11,November,Saturday,Harmattan / Dry,Unhealthy for Sensitive Groups
2024-12-01,57.2875,37.583333333333336,414.7083333333333,6.316666666666666,2.620833333333333,86.20833333333333,0.6604166666666667,33.625,1.6666666666666667,113.16666666666669,72.70833333333333,2024,12,December,Sunday,Harmattan / Dry,Unhealthy for Sensitive Groups
2024-12-02,51.0,34.4375,408.2083333333333,5.558333333333334,2.191666666666667,86.04166666666667,0.595,28.166666666666668,1.7,101.5,68.95833333333333,2024,12,December,Monday,Harmattan / Dry,Unhealthy for Sensitive Groups
2024-12-03,46.72916666666666,33.104166666666664,428.3333333333333,5.904166666666666,1.9208333333333332,80.70833333333333,0.6595833333333333,21.166666666666668,1.13125,93.20833333333331,65.91666666666667,2024,12,December,Tuesday,Harmattan / Dry,Moderate
2024-12-04,53.75833333333333,37.7125,488.5,7.204166666666667,2.25,84.66666666666667,0.4558333333333333,26.83333333333333,1.7520833333333332,105.16666666666669,70.04166666666667,2024,12,December,Wednesday,Harmattan / Dry,Unhealthy for Sensitive Groups
2024-12-05,49.7625,32.03333333333333,421.9583333333333,5.091666666666667,2.091666666666667,83.54166666666667,0.4766666666666666,29.791666666666668,1.7041666666666666,95.95833333333331,66.83333333333333,2024,12,December,Thursday,Harmattan / Dry,Moderate
2024-12-06,38.7,27.133333333333336,440.25,5.7875000000000005,1.9541666666666664,66.5,0.51,18.33333333333333,1.4291666666666665,88.91666666666667,64.25,2024,12,December,Friday,Harmattan / Dry,Moderate
2024-12-07,47.93333333333333,31.55,444.75,6.266666666666667,2.3000000000000003,77.375,0.5391666666666667,28.541666666666668,1.6479166666666665,86.54166666666667,63.375,2024,12,December,Saturday,Harmattan / Dry,Moderate
2024-12-08,99.85,45.15,449.1666666666667,6.575,2.3375,90.29166666666669,0.5591666666666667,102.29166666666669,1.75,97.54166666666669,68.25,2024,12,December,Sunday,Harmattan / Dry,Moderate
2024-12-09,78.92916666666666,42.7125,392.0,6.425,2.766666666666667,93.20833333333331,0.6358333333333334,64.625,1.6020833333333335,133.5,81.70833333333333,2024,12,December,Monday,Harmattan / Dry,Unhealthy for Sensitive Groups
2024-12-10,81.65416666666667,45.42083333333333,422.5416666666667,5.916666666666667,2.5083333333333333,99.58333333333331,0.6870833333333334,65.04166666666667,1.65625,119.20833333333331,73.25,2024,12,December,Tuesday,Harmattan / Dry,Unhealthy for Sensitive Groups
2024-12-11,74.82083333333334,41.75,394.875,5.141666666666667,2.1791666666666667,96.41666666666669,0.7620833333333333,58.833333333333336,1.3604166666666666,124.375,76.20833333333333,2024,12,December,Wednesday,Harmattan / Dry,Unhealthy for Sensitive Groups
2024-12-12,47.725,29.59583333333333,424.2083333333333,5.483333333333333,2.0791666666666666,82.66666666666667,0.5808333333333333,30.08333333333333,1.4604166666666665,104.125,69.54166666666667,2024,12,December,Thursday,Harmattan / Dry,Unhealthy for Sensitive Groups
2024-12-13,38.225,23.7,373.3333333333333,4.916666666666667,1.9833333333333332,77.95833333333333,0.5366666666666667,24.916666666666668,1.5375,79.04166666666667,59.125,2024,12,December,Friday,Harmattan / Dry,Moderate
2024-12-14,48.99166666666667,26.604166666666668,376.3333333333333,4.9375,2.1375,80.95833333333333,0.50375,39.66666666666666,1.6791666666666665,76.625,57.54166666666666,2024,12,December,Saturday,Harmattan / Dry,Moderate
2024-12-15,58.46666666666667,33.43333333333333,383.1666666666667,5.433333333333334,2.2875,79.58333333333333,0.58,42.91666666666666,1.48125,87.66666666666667,63.75,2024,12,December,Sunday,Harmattan / Dry,Moderate
2024-12-16,76.45833333333333,37.74166666666667,398.3333333333333,4.775,2.1375,81.0,0.6883333333333334,69.08333333333333,1.4666666666666668,99.375,68.20833333333333,2024,12,December,Monday,Harmattan / Dry,Moderate
2024-12-17,83.57916666666667,41.10416666666666,410.5833333333333,5.170833333333333,2.404166666666667,86.70833333333333,0.8574999999999999,75.5,1.3541666666666667,109.95833333333331,72.20833333333333,2024,12,December,Tuesday,Harmattan / Dry,Unhealthy for Sensitive Groups
2024-12-18,96.47083333333336,51.3125,507.7083333333333,5.991666666666667,2.525,100.875,0.8262499999999999,81.70833333333333,1.5083333333333335,123.0,76.125,2024,12,December,Wednesday,Harmattan / Dry,Unhealthy for Sensitive Groups
2024-12-19,135.95000000000002,62.0,545.1666666666666,6.195833333333333,2.3875,99.66666666666669,0.75625,135.45833333333334,1.6125,147.5,85.5,2024,12,December,Thursday,Harmattan / Dry,Unhealthy for Sensitive Groups
2024-12-20,152.77083333333334,75.58333333333333,591.625,7.899999999999999,3.1666666666666665,97.45833333333331,0.7608333333333333,145.04166666666666,1.6083333333333334,157.25,97.875,2024,12,December,Friday,Harmattan / Dry,Unhealthy
2024-12-21,193.8125,92.70833333333331,613.625,8.987499999999999,4.041666666666667,114.25,0.6695833333333333,191.04166666666663,1.695833333333333,168.54166666666666,115.41666666666669,2024,12,December,Saturday,Harmattan / Dry,Unhealthy
2024-12-22,171.23749999999998,86.4875,637.5,6.745833333333334,3.716666666666667,129.91666666666666,0.7625000000000001,157.125,1.58125,166.45833333333334,111.58333333333331,2024,12,December,Sunday,Harmattan / Dry,Unhealthy
2024-12-23,137.0375,75.25833333333334,526.125,5.091666666666667,2.9291666666666667,123.58333333333331,0.9120833333333334,113.66666666666669,1.39375,163.41666666666666,104.91666666666669,2024,12,December,Monday,Harmattan / Dry,Unhealthy
2024-12-24,84.77499999999999,49.67083333333333,466.4166666666667,4.754166666666666,2.1041666666666665,96.83333333333331,0.8491666666666666,62.5,1.3833333333333335,153.125,90.75,2024,12,December,Tuesday,Harmattan / Dry,Unhealthy
2024-12-25,87.02083333333333,51.05833333333334,429.5,5.454166666666667,2.1958333333333333,90.625,0.85125,63.708333333333336,1.414583333333333,124.45833333333331,76.29166666666667,2024,12,December,Wednesday,Harmattan / Dry,Unhealthy for Sensitive Groups
2024-12-26,79.90833333333333,45.72083333333333,442.5,4.483333333333333,2.029166666666667,91.79166666666669,0.8929166666666667,60.458333333333336,1.3333333333333333,138.5,80.79166666666667,2024,12,December,Thursday,Harmattan / Dry,Unhealthy for Sensitive Groups
2024-12-27,77.13333333333334,45.66666666666666,474.375,5.416666666666667,2.341666666666667,96.75,0.7720833333333333,55.625,1.475,124.08333333333331,76.04166666666667,2024,12,December,Friday,Harmattan / Dry,Unhealthy for Sensitive Groups
2024-12-28,63.54583333333333,38.375,463.7916666666667,5.1625000000000005,2.245833333333333,91.91666666666669,0.7658333333333333,43.583333333333336,1.4125,122.08333333333331,75.58333333333333,2024,12,December,Saturday,Harmattan / Dry,Unhealthy for Sensitive Groups
2024-12-29,59.34583333333333,37.708333333333336,424.0833333333333,5.908333333333334,2.220833333333333,91.29166666666669,0.7920833333333334,37.333333333333336,1.3291666666666666,103.125,69.29166666666667,2024,12,December,Sunday,Harmattan / Dry,Unhealthy for Sensitive Groups
2024-12-30,69.53333333333333,41.82083333333333,421.5833333333333,5.570833333333333,2.220833333333333,96.16666666666669,0.8375,48.083333333333336,1.3958333333333333,108.20833333333331,70.875,2024,12,December,Monday,Harmattan / Dry,Unhealthy for Sensitive Groups
2024-12-31,65.16666666666667,40.5875,476.625,5.341666666666666,2.3833333333333333,98.75,0.7170833333333334,41.79166666666666,1.4416666666666669,119.08333333333331,74.54166666666667,2024,12,December,Tuesday,Harmattan / Dry,Unhealthy for Sensitive Groups
2025-01-01,62.020833333333336,39.62916666666667,463.625,5.675000000000001,2.4208333333333334,95.41666666666669,0.72375,38.0,1.3979166666666665,106.0,70.25,2025,1,January,Wednesday,Harmattan / Dry,Unhealthy for Sensitive Groups
2025-01-02,56.325,36.91666666666666,461.0833333333333,4.633333333333334,1.9666666666666668,95.875,0.76125,33.5,1.3229166666666667,114.95833333333331,73.16666666666667,2025,1,January,Thursday,Harmattan / Dry,Unhealthy for Sensitive Groups
2025-01-03,35.766666666666666,24.90416666666667,411.125,4.304166666666666,1.9,86.04166666666667,0.6783333333333333,17.0,1.45625,88.66666666666667,63.66666666666666,2025,1,January,Friday,Harmattan / Dry,Moderate
2025-01-04,34.766666666666666,24.77083333333333,407.75,4.158333333333333,1.8916666666666664,82.83333333333333,0.69625,14.958333333333334,1.4187500000000002,77.625,59.5,2025,1,January,Saturday,Harmattan / Dry,Moderate
2025-01-05,47.1875,31.2,414.375,4.708333333333333,1.9625,87.58333333333333,0.63375,26.58333333333333,1.5270833333333331,82.75,61.91666666666666,2025,1,January,Sunday,Harmattan / Dry,Moderate
2025-01-06,58.47083333333333,28.883333333333336,361.375,3.8,1.5875,90.41666666666669,0.6375000000000001,55.16666666666666,1.6375,88.66666666666667,64.08333333333333,2025,1,January,Monday,Harmattan / Dry,Moderate
2025-01-07,69.43333333333334,38.5125,430.0416666666667,5.8125,2.3875,96.20833333333331,0.6579166666666666,54.833333333333336,1.5208333333333333,94.08333333333331,65.95833333333333,2025,1,January,Tuesday,Harmattan / Dry,Moderate
2025-01-08,81.89583333333333,44.4,432.5,5.95,2.225,94.75,0.7133333333333334,67.33333333333333,1.6729166666666666,116.375,73.58333333333333,2025,1,January,Wednesday,Harmattan / Dry,Unhealthy for Sensitive Groups
2025-01-09,89.15416666666665,47.73333333333333,416.5416666666667,4.754166666666666,1.9708333333333328,91.16666666666669,0.7954166666666667,72.875,1.4916666666666665,124.875,76.29166666666667,2025,1,January,Thursday,Harmattan / Dry,Unhealthy for Sensitive Groups
2025-01-10,96.7125,51.97916666666666,431.875,6.0625,2.4625,95.33333333333331,0.7058333333333334,80.45833333333333,1.7208333333333332,131.91666666666666,78.625,2025,1,January,Friday,Harmattan / Dry,Unhealthy for Sensitive Groups
2025-01-11,120.56666666666666,59.54583333333333,547.375,6.408333333333334,2.8000000000000003,100.66666666666669,0.6945833333333332,115.625,1.7125,151.08333333333334,87.58333333333333,2025,1,January,Saturday,Harmattan / Dry,Unhealthy
2025-01-12,95.55416666666667,51.325,441.875,5.179166666666666,2.3666666666666667,96.54166666666669,0.8516666666666667,79.125,1.5395833333333335,148.75,85.41666666666667,2025,1,January,Sunday,Harmattan / Dry,Unhealthy for Sensitive Groups
2025-01-13,97.85833333333332,52.31666666666666,456.875,5.4375,2.495833333333333,104.45833333333331,0.915,82.29166666666667,1.4645833333333331,135.875,79.66666666666667,2025,1,January,Monday,Harmattan / Dry,Unhealthy for Sensitive Groups
2025-01-14,112.77916666666664,61.2,482.5416666666667,5.0,2.4833333333333334,112.04166666666669,0.9616666666666668,93.20833333333331,1.4520833333333334,149.79166666666666,85.25,2025,1,January,Tuesday,Harmattan / Dry,Unhealthy for Sensitive Groups
2025-01-15,105.1875,58.69166666666666,514.5416666666666,5.804166666666667,2.504166666666667,109.54166666666669,1.0308333333333333,83.54166666666667,1.3645833333333333,153.04166666666666,88.79166666666667,2025,1,January,Wednesday,Harmattan / Dry,Unhealthy
2025-01-16,90.73333333333332,49.9125,492.0,4.5875,2.1333333333333333,104.5,1.0075,72.79166666666667,1.4020833333333331,144.58333333333334,83.0,2025,1,January,Thursday,Harmattan / Dry,Unhealthy for Sensitive Groups
2025-01-17,66.175,38.020833333333336,439.25,3.5041666666666664,1.7583333333333335,102.125,0.9033333333333332,48.875,1.3229166666666667,128.83333333333334,77.58333333333333,2025,1,January,Friday,Harmattan / Dry,Unhealthy for Sensitive Groups
2025-01-18,36.42083333333333,26.625,361.9166666666667,4.8625,1.7875,89.0,0.9129166666666668,15.916666666666666,0.55625,86.25,61.125,2025,1,January,Saturday,Harmattan / Dry,Moderate
2025-01-19,31.6,24.4625,394.1666666666667,5.95,1.9875,76.58333333333333,0.82125,10.833333333333334,0.9166666666666666,85.0,62.708333333333336,2025,1,January,Sunday,Harmattan / Dry,Moderate
2025-01-20,42.74166666666667,34.358333333333334,445.4166666666667,8.0,2.6791666666666667,71.54166666666667,0.7354166666666666,12.166666666666666,1.4479166666666667,88.54166666666667,63.333333333333336,2025,1,January,Monday,Harmattan / Dry,Moderate
2025-01-21,40.475,29.3375,484.125,6.745833333333334,2.833333333333333,84.375,0.7141666666666667,17.833333333333332,1.4979166666666668,92.125,65.41666666666667,2025,1,January,Tuesday,Harmattan / Dry,Moderate
2025-01-22,42.23333333333333,25.85833333333333,428.375,5.45,1.9958333333333331,86.45833333333333,0.7391666666666666,28.58333333333333,1.29375,79.79166666666667,60.458333333333336,2025,1,January,Wednesday,Harmattan / Dry,Moderate
2025-01-23,48.75416666666666,26.48333333333333,449.875,5.079166666666667,1.9083333333333328,89.04166666666667,0.7062499999999999,39.083333333333336,1.3,81.41666666666667,61.25,2025,1,January,Thursday,Harmattan / Dry,Moderate
2025-01-24,50.85833333333333,28.075,435.5,5.366666666666667,1.9666666666666668,80.70833333333333,0.7191666666666667,39.125,1.425,80.04166666666667,60.875,2025,1,January,Friday,Harmattan / Dry,Moderate
2025-01-25,46.16666666666666,26.829166666666666,363.0,4.966666666666667,1.9375,77.66666666666667,0.7529166666666667,32.708333333333336,1.5083333333333335,83.75,62.29166666666666,2025,1,January,Saturday,Harmattan / Dry,Moderate
2025-01-26,57.48333333333333,31.15416666666667,393.625,5.108333333333333,2.025,80.75,0.7208333333333333,45.125,1.5479166666666666,84.70833333333333,62.583333333333336,2025,1,January,Sunday,Harmattan / Dry,Moderate
2025-01-27,56.53333333333333,30.14583333333333,371.3333333333333,5.0375000000000005,2.066666666666667,81.04166666666667,0.74625,45.875,1.5104166666666667,92.375,65.625,2025,1,January,Monday,Harmattan / Dry,Moderate
2025-01-28,54.62083333333334,29.245833333333334,386.5,5.495833333333334,2.091666666666667,75.91666666666667,0.6575,43.083333333333336,1.6520833333333331,87.95833333333333,64.0,2025,1,January,Tuesday,Harmattan / Dry,Moderate
2025-01-29,61.80833333333334,30.58333333333333,380.0416666666667,5.2625,2.154166666666667,74.375,0.7087500000000001,56.5,1.5875,84.58333333333333,62.66666666666666,2025,1,January,Wednesday,Harmattan / Dry,Moderate
2025-01-30,71.175,33.5,363.875,5.675,2.0791666666666666,75.45833333333333,0.6929166666666666,66.75,1.7270833333333335,93.66666666666669,66.75,2025,1,January,Thursday,Harmattan / Dry,Moderate
2025-01-31,80.2125,35.954166666666666,400.25,5.816666666666666,2.129166666666667,79.33333333333333,0.7179166666666666,79.875,1.6791666666666665,94.25,68.83333333333333,2025,1,January,Friday,Harmattan / Dry,Moderate
2025-02-01,75.75416666666666,37.19166666666667,374.5,5.075,2.058333333333333,81.91666666666667,0.76125,68.29166666666667,1.50625,106.29166666666669,73.16666666666667,2025,2,February,Saturday,Harmattan / Dry,Unhealthy for Sensitive Groups
2025-02-02,76.08749999999999,39.62083333333333,389.125,5.333333333333333,2.191666666666667,82.875,0.8454166666666666,64.5,1.4875,113.41666666666669,72.70833333333333,2025,2,February,Sunday,Harmattan / Dry,Unhealthy for Sensitive Groups
2025-02-03,66.10416666666667,37.829166666666666,398.4166666666667,5.695833333333333,2.3625000000000003,86.125,0.975,49.04166666666666,1.4604166666666665,101.20833333333331,68.625,2025,2,February,Monday,Harmattan / Dry,Unhealthy for Sensitive Groups
2025-02-04,60.8125,33.020833333333336,366.9166666666667,4.4625,1.8791666666666669,79.58333333333333,0.8870833333333333,48.833333333333336,1.5041666666666669,102.75,69.29166666666667,2025,2,February,Tuesday,Harmattan / Dry,Unhealthy for Sensitive Groups
2025-02-05,51.475,30.125,342.5833333333333,4.266666666666667,1.8541666666666667,78.125,1.0254166666666666,35.458333333333336,1.35625,88.75,64.20833333333333,2025,2,February,Wednesday,Harmattan / Dry,Moderate
2025-02-06,52.0125,28.870833333333334,384.375,4.2125,1.9958333333333331,85.95833333333333,0.9566666666666668,40.125,1.475,91.41666666666669,65.20833333333333,2025,2,February,Thursday,Harmattan / Dry,Moderate
2025-02-07,50.94583333333333,31.95833333333333,409.7916666666667,5.6375,2.4708333333333337,78.375,0.99125,31.75,0.98125,86.08333333333333,63.16666666666666,2025,2,February,Friday,Harmattan / Dry,Moderate
2025-02-08,47.48333333333333,30.575,371.3333333333333,5.579166666666667,2.1125000000000003,72.33333333333333,0.895,30.20833333333333,1.25625,94.20833333333331,66.29166666666667,2025,2,February,Saturday,Harmattan / Dry,Moderate
2025-02-09,39.62083333333333,26.816666666666663,362.7083333333333,5.729166666666667,2.083333333333333,73.66666666666667,0.8491666666666666,22.75,1.4479166666666667,81.91666666666667,61.458333333333336,2025,2,February,Sunday,Harmattan / Dry,Moderate
2025-02-10,53.75416666666666,32.1875,343.0,5.358333333333333,2.183333333333333,72.79166666666667,0.8445833333333334,37.708333333333336,1.5916666666666668,85.5,62.875,2025,2,February,Monday,Harmattan / Dry,Moderate
2025-02-11,68.28750000000001,37.3625,347.4166666666667,4.75,1.9541666666666664,67.25,0.8891666666666667,54.083333333333336,1.5437500000000002,102.91666666666669,69.25,2025,2,February,Tuesday,Harmattan / Dry,Unhealthy for Sensitive Groups
2025-02-12,70.07916666666667,36.44166666666667,343.9166666666667,4.729166666666667,1.9,66.5,0.8737499999999999,60.91666666666666,1.50625,103.5,69.54166666666667,2025,2,February,Wednesday,Harmattan / Dry,Unhealthy for Sensitive Groups
2025-02-13,72.47916666666667,34.766666666666666,356.625,4.804166666666666,1.9166666666666667,68.91666666666667,0.8129166666666666,67.5,1.6479166666666665,97.79166666666669,67.91666666666667,2025,2,February,Thursday,Harmattan / Dry,Moderate
2025-02-14,72.75,35.275,334.5833333333333,4.866666666666666,1.9958333333333331,68.125,0.7558333333333334,66.75,1.5354166666666669,101.375,69.875,2025,2,February,Friday,Harmattan / Dry,Unhealthy for Sensitive Groups
2025-02-15,59.9125,29.5625,372.625,4.504166666666666,1.7666666666666666,63.41666666666666,0.8766666666666666,54.083333333333336,1.6291666666666669,94.83333333333331,67.29166666666667,2025,2,February,Saturday,Harmattan / Dry,Moderate
2025-02-16,58.00833333333333,31.58333333333333,382.25,4.991666666666666,1.9416666666666669,76.16666666666667,1.0258333333333334,47.083333333333336,1.1979166666666667,87.41666666666667,63.833333333333336,2025,2,February,Sunday,Harmattan / Dry,Moderate
2025-02-17,75.05833333333334,34.670833333333334,358.2083333333333,4.829166666666667,1.7416666666666665,79.95833333333333,0.8420833333333334,73.20833333333333,1.7479166666666668,94.08333333333331,66.70833333333333,2025,2,February,Monday,Harmattan / Dry,Moderate
2025-02-18,66.50416666666666,31.4125,377.5833333333333,4.070833333333334,1.7208333333333332,78.25,0.7779166666666666,62.125,1.6604166666666669,98.375,70.04166666666667,2025,2,February,Tuesday,Harmattan / Dry,Moderate
2025-02-19,43.97916666666666,24.59166666666667,324.6666666666667,4.195833333333334,1.5208333333333333,70.375,0.8004166666666667,33.708333333333336,1.4541666666666666,85.04166666666667,63.5,2025,2,February,Wednesday,Harmattan / Dry,Moderate
2025-02-20,55.69583333333333,35.170833333333334,393.125,6.358333333333333,2.158333333333333,67.70833333333333,0.9329166666666668,35.458333333333336,1.4583333333333333,86.08333333333333,63.0,2025,2,February,Thursday,Harmattan / Dry,Moderate
2025-02-21,53.59166666666667,33.300000000000004,357.0833333333333,5.9,1.9666666666666668,68.58333333333333,0.9058333333333332,35.791666666666664,1.3604166666666666,100.875,68.66666666666667,2025,2,February,Friday,Harmattan / Dry,Unhealthy for Sensitive Groups
2025-02-22,38.60416666666666,25.129166666666663,367.125,5.233333333333333,1.6,68.875,0.9620833333333332,23.041666666666668,1.025,81.54166666666667,60.208333333333336,2025,2,February,Saturday,Harmattan / Dry,Moderate
2025-02-23,25.916666666666668,19.7125,471.0416666666667,6.491666666666667,2.275,78.04166666666667,0.7683333333333334,11.166666666666666,1.1666666666666667,76.41666666666667,56.04166666666666,2025,2,February,Sunday,Harmattan / Dry,Moderate
2025-02-24,27.366666666666664,22.266666666666666,454.125,7.158333333333334,2.3916666666666666,67.95833333333333,0.5704166666666667,7.5,1.93125,67.70833333333333,42.125,2025,2,February,Monday,Harmattan / Dry,Moderate
2025-02-25,34.862500000000004,27.15416666666667,417.875,8.091666666666667,2.270833333333333,59.41666666666666,0.6758333333333333,11.833333333333334,1.3333333333333333,76.625,57.16666666666666,2025,2,February,Tuesday,Harmattan / Dry,Moderate
2025-02-26,40.65,27.508333333333336,452.0416666666667,6.708333333333333,2.0125,68.20833333333333,0.7949999999999999,21.166666666666668,0.9291666666666668,83.16666666666667,62.04166666666666,2025,2,February,Wednesday,Harmattan / Dry,Moderate
2025-02-27,48.8625,35.666666666666664,679.2916666666666,9.079166666666667,2.8625000000000003,74.16666666666667,0.9920833333333332,21.041666666666668,1.2125,91.0,65.125,2025,2,February,Thursday,Harmattan / Dry,Moderate
2025-02-28,55.49166666666667,34.81666666666667,481.5,7.6375,2.858333333333333,75.375,0.97875,35.875,1.525,106.16666666666669,70.45833333333333,2025,2,February,Friday,Harmattan / Dry,Unhealthy for Sensitive Groups
2025-03-01,54.97083333333333,29.3125,446.8333333333333,5.325,2.0,74.58333333333333,0.8733333333333334,45.91666666666666,1.6125,85.25,63.083333333333336,2025,3,March,Saturday,Transition,Moderate
2025-03-02,55.3125,29.066666666666663,426.8333333333333,5.270833333333333,2.0375,74.45833333333333,0.8758333333333334,46.708333333333336,1.6895833333333332,87.29166666666667,63.54166666666666,2025,3,March,Sunday,Transition,Moderate
2025-03-03,44.47083333333333,26.041666666666668,337.9583333333333,4.633333333333334,1.6666666666666667,70.95833333333333,0.8216666666666667,32.0,1.38125,81.5,60.958333333333336,2025,3,March,Monday,Transition,Moderate
2025-03-04,33.083333333333336,20.716666666666665,343.75,4.566666666666666,1.4583333333333333,68.16666666666667,0.7166666666666667,20.83333333333333,1.01875,76.95833333333333,56.625,2025,3,March,Tuesday,Transition,Moderate
2025-03-05,38.16666666666666,26.741666666666664,382.75,6.391666666666667,1.9791666666666667,64.91666666666667,0.62,18.95833333333333,1.60625,70.25,46.0,2025,3,March,Wednesday,Transition,Moderate
2025-03-06,47.15833333333333,31.2,409.7083333333333,7.0625,2.1,68.16666666666667,0.6725,27.416666666666668,1.41875,93.91666666666669,66.0,2025,3,March,Thursday,Transition,Moderate
2025-03-07,43.725,28.320833333333336,378.6666666666667,4.566666666666666,1.6833333333333331,71.70833333333333,0.6854166666666667,24.375,1.8166666666666669,84.16666666666667,62.583333333333336,2025,3,March,Friday,Transition,Moderate
2025-03-08,41.37083333333333,27.504166666666663,386.6666666666667,5.454166666666667,1.8041666666666665,67.54166666666667,0.7066666666666667,23.83333333333333,1.4833333333333334,88.58333333333333,64.125,2025,3,March,Saturday,Transition,Moderate
2025-03-09,32.85,21.64583333333333,352.9166666666667,5.058333333333334,1.6208333333333331,64.54166666666667,0.6266666666666667,18.5,1.7020833333333334,72.375,49.375,2025,3,March,Sunday,Transition,Moderate
2025-03-10,28.7625,20.195833333333333,318.75,5.216666666666667,1.7041666666666666,61.04166666666666,0.5666666666666667,12.916666666666666,1.33125,69.625,45.125,2025,3,March,Monday,Transition,Moderate
2025-03-11,35.57083333333333,25.95,382.4166666666667,7.129166666666666,2.0625,59.125,0.58375,14.791666666666666,0.96875,73.0,51.16666666666666,2025,3,March,Tuesday,Transition,Moderate
2025-03-12,44.1,31.9,340.7916666666667,8.691666666666666,2.4458333333333333,57.458333333333336,0.62,20.791666666666668,1.06875,90.41666666666669,64.875,2025,3,March,Wednesday,Transition,Moderate
2025-03-13,25.54583333333333,17.958333333333332,324.375,5.554166666666667,1.7083333333333333,58.208333333333336,0.445,12.666666666666666,1.95625,74.04166666666667,50.708333333333336,2025,3,March,Thursday,Transition,Moderate
2025-03-14,28.204166666666666,18.9,365.0,5.741666666666667,1.6333333333333335,56.04166666666666,0.4324999999999999,14.583333333333334,1.8229166666666667,62.083333333333336,35.375,2025,3,March,Friday,Transition,Moderate
2025-03-15,35.85,24.883333333333336,378.25,7.079166666666667,2.0,56.625,0.5466666666666666,17.666666666666668,1.4583333333333333,72.625,50.625,2025,3,March,Saturday,Transition,Moderate
2025-03-16,29.183333333333334,20.883333333333333,361.0,6.199999999999999,1.7833333333333332,58.79166666666666,0.5583333333333333,13.416666666666666,1.4229166666666666,71.79166666666667,49.25,2025,3,March,Sunday,Transition,Moderate
2025-03-17,34.31666666666667,24.620833333333334,353.5416666666667,7.641666666666667,2.1083333333333334,53.75,0.5375,14.625,0.925,67.29166666666667,41.083333333333336,2025,3,March,Monday,Transition,Moderate
2025-03-18,41.79166666666666,30.879166666666663,365.5833333333333,9.470833333333331,2.583333333333333,56.29166666666666,0.49,18.375,1.71875,96.29166666666669,66.875,2025,3,March,Tuesday,Transition,Moderate
2025-03-19,33.81666666666667,25.633333333333336,473.2916666666667,8.016666666666667,2.1625,47.583333333333336,0.5783333333333334,12.708333333333334,1.3041666666666665,74.25,51.875,2025,3,March,Wednesday,Transition,Moderate
2025-03-20,47.57916666666667,31.691666666666663,618.8333333333334,8.970833333333333,2.504166666666667,55.208333333333336,0.635,27.0,0.8708333333333332,90.95833333333331,64.91666666666667,2025,3,March,Thursday,Transition,Moderate
2025-03-21,50.4875,35.49166666666667,596.9166666666666,9.366666666666667,2.7875,54.29166666666666,0.64875,24.041666666666668,1.50625,103.08333333333331,69.20833333333333,2025,3,March,Friday,Transition,Unhealthy for Sensitive Groups
2025-03-22,38.175,25.183333333333334,485.9166666666667,7.1625000000000005,1.9583333333333333,48.375,0.53625,21.166666666666668,1.46875,80.08333333333333,57.833333333333336,2025,3,March,Saturday,Transition,Moderate
2025-03-23,31.5125,21.71666666666667,391.25,6.908333333333334,1.8416666666666668,51.708333333333336,0.4875,16.041666666666668,1.7,76.95833333333333,57.458333333333336,2025,3,March,Sunday,Transition,Moderate
2025-03-24,34.666666666666664,26.8625,464.1666666666667,8.908333333333333,2.5625,51.375,0.4691666666666667,12.916666666666666,1.6854166666666668,74.54166666666667,53.79166666666666,2025,3,March,Monday,Transition,Moderate
2025-03-25,34.25833333333333,23.745833333333334,433.0,6.441666666666666,2.1875,59.958333333333336,0.6520833333333333,17.541666666666668,1.61875,79.875,60.583333333333336,2025,3,March,Tuesday,Transition,Moderate
2025-03-26,29.745833333333334,22.40416666666667,443.5416666666667,6.891666666666667,2.125,51.75,0.5812499999999999,12.375,0.9,70.20833333333333,46.0,2025,3,March,Wednesday,Transition,Moderate
2025-03-27,33.420833333333334,27.266666666666666,492.7916666666667,8.2875,2.6416666666666666,58.583333333333336,0.44,9.083333333333334,2.10625,87.04166666666667,63.083333333333336,2025,3,March,Thursday,Transition,Moderate
2025-03-28,31.45,22.8,404.4583333333333,6.529166666666666,1.9541666666666664,56.208333333333336,0.5120833333333333,13.666666666666666,1.925,70.45833333333333,46.333333333333336,2025,3,March,Friday,Transition,Moderate
2025-03-29,30.129166666666663,23.21666666666667,324.9166666666667,7.320833333333333,2.066666666666667,48.29166666666666,0.525,10.875,1.0479166666666668,70.91666666666667,47.375,2025,3,March,Saturday,Transition,Moderate
2025-03-30,30.09583333333333,23.245833333333334,386.75,7.566666666666666,2.0375,49.0,0.51,9.875,1.3166666666666669,75.54166666666667,56.0,2025,3,March,Sunday,Transition,Moderate
2025-03-31,28.85833333333333,22.65,410.3333333333333,7.608333333333333,2.125,46.333333333333336,0.53125,9.75,1.4,73.16666666666667,51.625,2025,3,March,Monday,Transition,Moderate
2025-04-01,44.1,34.083333333333336,620.0,11.6125,3.0500000000000003,43.66666666666666,0.50375,15.291666666666666,1.33125,93.04166666666669,65.125,2025,4,April,Tuesday,Rainy / Wet,Moderate
2025-04-02,30.929166666666664,23.85,509.9583333333333,8.35,2.591666666666667,55.04166666666666,0.3941666666666667,12.291666666666666,0.9125,76.70833333333333,53.208333333333336,2025,4,April,Wednesday,Rainy / Wet,Moderate
2025-04-03,51.145833333333336,41.30833333333333,628.7083333333334,9.283333333333331,3.5541666666666667,78.375,0.5404166666666667,16.625,1.8416666666666668,103.375,68.91666666666667,2025,4,April,Thursday,Rainy / Wet,Unhealthy for Sensitive Groups
2025-04-04,33.24166666666667,20.0,334.625,5.141666666666667,1.8541666666666667,60.16666666666666,0.5225000000000001,21.541666666666668,2.0125,82.375,57.125,2025,4,April,Friday,Rainy / Wet,Moderate
2025-04-05,44.825,26.383333333333336,335.6666666666667,6.395833333333333,1.8125,49.5,0.51125,31.25,1.4729166666666669,71.33333333333333,48.0,2025,4,April,Saturday,Rainy / Wet,Moderate
2025-04-06,38.48333333333333,24.7125,435.4583333333333,6.8625,2.029166666666667,53.208333333333336,0.4745833333333333,23.125,1.6229166666666668,81.45833333333333,61.0,2025,4,April,Sunday,Rainy / Wet,Moderate
2025-04-07,35.99583333333333,24.820833333333336,378.875,7.729166666666667,2.2375000000000003,48.083333333333336,0.4704166666666666,17.708333333333332,1.6229166666666668,81.70833333333333,61.54166666666666,2025,4,April,Monday,Rainy / Wet,Moderate
2025-04-08,29.925,21.1125,376.6666666666667,6.554166666666667,1.8375,44.958333333333336,0.4595833333333333,14.208333333333334,1.2270833333333333,66.04166666666667,40.75,2025,4,April,Tuesday,Rainy / Wet,Moderate
2025-04-09,37.98333333333333,29.95,755.5416666666666,9.966666666666669,2.8041666666666667,45.208333333333336,0.4675,11.458333333333334,1.1458333333333333,80.08333333333333,59.0,2025,4,April,Wednesday,Rainy / Wet,Moderate
2025-04-10,46.85416666666666,40.00833333333333,942.1666666666666,12.754166666666668,3.625,37.54166666666666,0.4391666666666666,10.0,0.9208333333333334,96.08333333333331,66.875,2025,4,April,Thursday,Rainy / Wet,Moderate
2025-04-11,32.858333333333334,28.241666666666664,806.625,9.5125,2.6166666666666667,51.5,0.245,6.583333333333333,2.125,110.25,71.5,2025,4,April,Friday,Rainy / Wet,Unhealthy for Sensitive Groups
2025-04-12,25.5125,20.308333333333334,464.9166666666667,7.083333333333333,2.120833333333333,49.54166666666666,0.4458333333333333,6.541666666666667,2.00625,73.20833333333333,50.083333333333336,2025,4,April,Saturday,Rainy / Wet,Moderate
2025-04-13,30.979166666666668,23.25,353.1666666666667,7.354166666666667,2.154166666666667,45.91666666666666,0.4958333333333333,12.041666666666666,1.6583333333333334,62.04166666666666,35.291666666666664,2025,4,April,Sunday,Rainy / Wet,Moderate
2025-04-14,47.36666666666667,36.10416666666666,483.75,10.804166666666667,2.9958333333333336,45.625,0.54875,19.25,1.26875,98.375,67.29166666666667,2025,4,April,Monday,Rainy / Wet,Moderate
2025-04-15,43.15416666666667,33.487500000000004,594.4583333333334,10.616666666666667,2.9625,42.16666666666666,0.5650000000000001,15.416666666666666,1.1083333333333334,96.08333333333331,67.04166666666667,2025,4,April,Tuesday,Rainy / Wet,Moderate
2025-04-16,36.71666666666667,28.71666666666667,430.7083333333333,8.875,2.395833333333333,42.66666666666666,0.47,13.708333333333334,0.5020833333333333,89.16666666666667,64.25,2025,4,April,Wednesday,Rainy / Wet,Moderate
2025-04-17,36.60833333333333,31.08333333333333,551.875,10.291666666666666,2.8041666666666667,47.208333333333336,0.415,8.458333333333334,1.7354166666666666,81.79166666666667,61.583333333333336,2025,4,April,Thursday,Rainy / Wet,Moderate
2025-04-18,51.21666666666667,40.958333333333336,549.4583333333334,11.383333333333333,3.2583333333333333,47.125,0.4633333333333334,16.75,1.8708333333333331,122.58333333333331,75.58333333333333,2025,4,April,Friday,Rainy / Wet,Unhealthy for Sensitive Groups
2025-04-19,30.004166666666663,22.058333333333334,355.7083333333333,6.508333333333333,1.875,38.66666666666666,0.3625,11.875,2.1541666666666663,78.54166666666667,51.333333333333336,2025,4,April,Saturday,Rainy / Wet,Moderate
2025-04-20,41.72916666666666,32.28333333333333,437.5,9.266666666666667,2.5458333333333334,43.958333333333336,0.375,15.041666666666666,1.7666666666666666,83.41666666666667,61.208333333333336,2025,4,April,Sunday,Rainy / Wet,Moderate
2025-04-21,34.1875,26.925,447.3333333333333,7.316666666666666,2.341666666666667,51.91666666666666,0.4020833333333333,11.083333333333334,1.6270833333333332,91.875,65.375,2025,4,April,Monday,Rainy / Wet,Moderate
2025-04-22,26.566666666666663,22.58333333333333,377.2916666666667,8.020833333333334,2.025,39.125,0.39875,5.666666666666667,0.75,69.04166666666667,44.333333333333336,2025,4,April,Tuesday,Rainy / Wet,Moderate
2025-04-23,42.65833333333334,38.925,488.6666666666667,12.933333333333332,3.325,37.66666666666666,0.3329166666666667,4.75,1.325,91.45833333333331,64.66666666666667,2025,4,April,Wednesday,Rainy / Wet,Moderate
2025-04-24,39.0625,35.895833333333336,600.5,9.491666666666667,2.7625,55.91666666666666,0.4133333333333333,3.25,1.7,118.125,74.125,2025,4,April,Thursday,Rainy / Wet,Unhealthy for Sensitive Groups
2025-04-25,29.03333333333333,22.78333333333333,370.0416666666667,6.420833333333333,2.0416666666666665,46.79166666666666,0.4354166666666666,8.125,2.029166666666667,79.58333333333333,57.375,2025,4,April,Friday,Rainy / Wet,Moderate
2025-04-26,36.74166666666667,29.7875,450.2916666666667,8.170833333333333,2.5708333333333333,45.833333333333336,0.46625,9.791666666666666,1.6833333333333331,67.16666666666667,41.958333333333336,2025,4,April,Saturday,Rainy / Wet,Moderate
2025-04-27,38.833333333333336,32.625,726.5,9.591666666666669,3.0125,48.79166666666666,0.4804166666666666,9.666666666666666,1.3708333333333331,104.70833333333331,69.95833333333333,2025,4,April,Sunday,Rainy / Wet,Unhealthy for Sensitive Groups
2025-04-28,37.94166666666667,32.983333333333334,757.0833333333334,10.425,3.1125000000000003,46.125,0.4929166666666666,7.083333333333333,1.18125,91.29166666666669,65.16666666666667,2025,4,April,Monday,Rainy / Wet,Moderate
2025-04-29,39.34166666666667,32.94166666666667,581.5416666666666,9.6625,3.154166666666667,48.833333333333336,0.4233333333333333,9.291666666666666,1.18125,100.79166666666669,68.58333333333333,2025,4,April,Tuesday,Rainy / Wet,Unhealthy for Sensitive Groups
2025-04-30,30.02916666666667,25.0125,517.625,8.175,2.5458333333333334,45.04166666666666,0.4025,6.791666666666667,1.7666666666666666,83.75,62.083333333333336,2025,4,April,Wednesday,Rainy / Wet,Moderate
2025-05-01,26.758333333333336,22.53333333333333,475.5833333333333,7.025,2.1791666666666667,46.125,0.4041666666666666,5.041666666666667,1.4208333333333334,75.08333333333333,54.875,2025,5,May,Thursday,Rainy / Wet,Moderate
2025-05-02,29.675,23.695833333333336,507.875,7.358333333333333,2.1875,49.833333333333336,0.42625,9.875,1.1854166666666666,72.41666666666667,50.208333333333336,2025,5,May,Friday,Rainy / Wet,Moderate
2025-05-03,33.2,26.245833333333334,509.25,7.9375,2.6916666666666664,49.583333333333336,0.5666666666666667,10.0,1.375,78.125,57.91666666666666,2025,5,May,Saturday,Rainy / Wet,Moderate
2025-05-04,27.40416666666667,20.133333333333333,395.9583333333333,6.270833333333333,2.004166666666667,45.91666666666666,0.5241666666666667,10.541666666666666,1.772916666666667,72.91666666666667,50.66666666666666,2025,5,May,Sunday,Rainy / Wet,Moderate
2025-05-05,34.166666666666664,25.954166666666666,415.1666666666667,8.179166666666667,2.370833333333333,41.625,0.525,12.958333333333334,1.1166666666666667,68.20833333333333,42.54166666666666,2025,5,May,Monday,Rainy / Wet,Moderate
2025-05-06,40.704166666666666,33.06666666666667,535.6666666666666,9.445833333333336,2.895833333333333,45.25,0.4395833333333334,12.083333333333334,1.3958333333333333,98.79166666666669,67.83333333333333,2025,5,May,Tuesday,Rainy / Wet,Moderate
2025-05-07,52.2,39.395833333333336,411.0,10.966666666666669,3.3625000000000003,45.04166666666666,0.4566666666666666,21.041666666666668,1.2395833333333333,88.08333333333333,63.958333333333336,2025,5,May,Wednesday,Rainy / Wet,Moderate
2025-05-08,49.82083333333333,40.454166666666666,467.75,9.795833333333333,3.170833333333333,50.458333333333336,0.4483333333333333,15.041666666666666,1.5208333333333333,128.75,77.66666666666667,2025,5,May,Thursday,Rainy / Wet,Unhealthy for Sensitive Groups
2025-05-09,33.15416666666667,28.7125,407.7916666666667,8.266666666666667,2.6166666666666667,42.54166666666666,0.3266666666666666,6.833333333333333,1.2354166666666666,88.45833333333333,63.91666666666666,2025,5,May,Friday,Rainy / Wet,Moderate
2025-05-10,42.7625,38.325,356.6666666666667,10.316666666666666,3.2541666666666664,49.25,0.3233333333333333,5.375,1.6645833333333335,98.625,67.66666666666667,2025,5,May,Saturday,Rainy / Wet,Moderate
2025-05-11,35.63333333333333,31.070833333333336,346.9166666666667,9.008333333333333,2.775,45.41666666666666,0.3241666666666666,5.583333333333333,1.9770833333333333,99.45833333333331,68.08333333333333,2025,5,May,Sunday,Rainy / Wet,Moderate
2025-05-12,27.883333333333336,24.191666666666663,358.1666666666667,6.5,2.1125000000000003,50.958333333333336,0.3254166666666667,4.291666666666667,2.064583333333333,82.91666666666667,62.04166666666666,2025,5,May,Monday,Rainy / Wet,Moderate
2025-05-13,31.204166666666666,28.09583333333333,447.5,8.808333333333334,2.470833333333333,41.125,0.3029166666666666,3.2916666666666665,1.2395833333333333,76.25,56.91666666666666,2025,5,May,Tuesday,Rainy / Wet,Moderate
2025-05-14,35.166666666666664,32.225,384.75,8.808333333333334,2.766666666666667,50.25,0.3487499999999999,3.125,1.7208333333333332,94.125,66.125,2025,5,May,Wednesday,Rainy / Wet,Moderate
2025-05-15,35.708333333333336,31.96666666666667,401.625,8.987499999999999,3.1958333333333333,62.04166666666666,0.395,5.75,2.129166666666667,81.04166666666667,59.875,2025,5,May,Thursday,Rainy / Wet,Moderate
2025-05-16,28.60833333333333,26.1625,350.8333333333333,7.508333333333333,2.458333333333333,60.875,0.34,2.375,1.5729166666666667,103.08333333333331,69.29166666666667,2025,5,May,Friday,Rainy / Wet,Unhealthy for Sensitive Groups
2025-05-17,25.21666666666667,23.6625,501.6666666666667,7.041666666666667,2.35,49.79166666666666,0.4204166666666666,1.0416666666666667,1.53125,66.91666666666667,41.5,2025,5,May,Saturday,Rainy / Wet,Moderate
2025-05-18,33.983333333333334,31.55,667.8333333333334,7.933333333333334,3.3625000000000003,60.708333333333336,0.4820833333333333,3.7083333333333335,0.9145833333333332,81.08333333333333,60.958333333333336,2025,5,May,Sunday,Rainy / Wet,Moderate
2025-05-19,43.09166666666667,38.65833333333333,564.25,9.545833333333333,3.4875000000000003,52.625,0.4270833333333333,5.708333333333333,1.3125,108.25,70.95833333333333,2025,5,May,Monday,Rainy / Wet,Unhealthy for Sensitive Groups
2025-05-20,36.6,33.1875,422.9166666666667,9.270833333333334,2.9458333333333333,39.583333333333336,0.2870833333333333,5.25,0.5520833333333334,88.5,64.08333333333333,2025,5,May,Tuesday,Rainy / Wet,Moderate
2025-05-21,43.525,41.97916666666666,583.7916666666666,11.9625,3.7083333333333335,40.708333333333336,0.29,0.4583333333333333,1.9708333333333328,121.79166666666669,75.29166666666667,2025,5,May,Wednesday,Rainy / Wet,Unhealthy for Sensitive Groups
2025-05-22,47.12916666666666,42.641666666666666,504.0833333333333,10.1125,3.3708333333333336,50.125,0.4183333333333333,5.208333333333333,1.3270833333333332,121.625,75.375,2025,5,May,Thursday,Rainy / Wet,Unhealthy for Sensitive Groups
2025-05-23,27.42083333333333,21.891666666666666,333.0416666666667,6.1625000000000005,1.9,44.66666666666666,0.4683333333333333,7.458333333333333,1.2208333333333334,85.25,59.66666666666666,2025,5,May,Friday,Rainy / Wet,Moderate
2025-05-24,35.625,25.141666666666666,398.4583333333333,7.533333333333334,2.3208333333333333,44.25,0.4466666666666667,17.166666666666668,1.0645833333333334,70.5,46.625,2025,5,May,Saturday,Rainy / Wet,Moderate
2025-05-25,35.266666666666666,29.475,468.4583333333333,8.591666666666667,2.825,47.625,0.4858333333333333,8.458333333333334,1.65625,85.70833333333333,63.083333333333336,2025,5,May,Sunday,Rainy / Wet,Moderate
2025-05-26,36.5375,30.95833333333333,316.9583333333333,9.291666666666666,2.9333333333333336,42.458333333333336,0.4816666666666667,6.708333333333333,1.6020833333333335,97.45833333333331,67.45833333333333,2025,5,May,Monday,Rainy / Wet,Moderate
2025-05-27,44.4,37.69583333333333,396.375,9.208333333333334,3.016666666666667,45.91666666666666,0.46375,8.916666666666666,1.4458333333333335,95.25,66.625,2025,5,May,Tuesday,Rainy / Wet,Moderate
2025-05-28,35.625,30.883333333333336,557.5833333333334,8.445833333333333,2.7916666666666665,47.875,0.3579166666666666,6.625,1.3083333333333331,95.41666666666669,66.625,2025,5,May,Wednesday,Rainy / Wet,Moderate
2025-05-29,28.6875,26.09583333333333,448.0833333333333,8.450000000000001,2.470833333333333,42.333333333333336,0.33125,2.7916666666666665,0.8562500000000001,79.5,59.0,2025,5,May,Thursday,Rainy / Wet,Moderate
2025-05-30,35.35,33.295833333333334,531.625,8.554166666666667,3.404166666666667,60.958333333333336,0.3904166666666666,2.4166666666666665,1.8645833333333333,95.70833333333331,66.70833333333333,2025,5,May,Friday,Rainy / Wet,Moderate
2025-05-31,24.65416666666667,20.9375,391.6666666666667,7.025,2.2,45.208333333333336,0.4145833333333333,4.833333333333333,1.414583333333333,75.5,52.125,2025,5,May,Saturday,Rainy / Wet,Moderate
2025-06-01,31.079166666666666,27.104166666666668,312.0833333333333,9.145833333333334,2.7291666666666665,40.66666666666666,0.4179166666666666,5.708333333333333,1.0791666666666666,77.83333333333333,57.91666666666666,2025,6,June,Sunday,Rainy / Wet,Moderate
2025-06-02,33.84166666666667,30.229166666666668,433.2916666666667,8.549999999999999,2.9,50.29166666666666,0.40875,4.833333333333333,1.5604166666666666,90.5,64.83333333333333,2025,6,June,Monday,Rainy / Wet,Moderate
2025-06-03,30.3125,27.979166666666668,401.7916666666667,8.7875,2.6416666666666666,45.375,0.4633333333333333,2.75,0.6041666666666666,72.08333333333333,47.79166666666666,2025,6,June,Tuesday,Rainy / Wet,Moderate
2025-06-04,38.6625,37.29583333333333,599.4583333333334,10.604166666666666,4.0375000000000005,56.91666666666666,0.4520833333333333,1.2916666666666667,1.5333333333333332,98.20833333333331,67.625,2025,6,June,Wednesday,Rainy / Wet,Moderate
2025-06-05,43.86666666666667,40.82083333333333,560.7916666666666,11.120833333333332,3.716666666666667,50.458333333333336,0.3875,4.5,1.4854166666666666,118.625,74.375,2025,6,June,Thursday,Rainy / Wet,Unhealthy for Sensitive Groups
2025-06-06,46.208333333333336,39.895833333333336,403.0,10.504166666666666,3.475,48.66666666666666,0.3679166666666666,8.708333333333334,1.66875,114.875,73.25,2025,6,June,Friday,Rainy / Wet,Unhealthy for Sensitive Groups
2025-06-07,31.266666666666666,25.475,458.5416666666667,7.029166666666666,2.15,48.66666666666666,0.3529166666666667,8.25,1.2458333333333331,89.29166666666667,64.16666666666667,2025,6,June,Saturday,Rainy / Wet,Moderate
2025-06-08,29.71666666666667,27.570833333333336,441.75,8.229166666666666,2.720833333333333,50.458333333333336,0.4312499999999999,1.75,1.4458333333333335,80.875,61.25,2025,6,June,Sunday,Rainy / Wet,Moderate
2025-06-09,31.8625,30.620833333333334,475.7916666666667,9.45,2.770833333333333,45.708333333333336,0.4391666666666666,0.7916666666666666,0.7354166666666666,82.375,61.79166666666666,2025,6,June,Monday,Rainy / Wet,Moderate
2025-06-10,38.62083333333333,36.8375,678.5,9.8125,3.1125000000000003,50.75,0.4429166666666666,1.5833333333333333,1.3916666666666666,108.375,71.08333333333333,2025,6,June,Tuesday,Rainy / Wet,Unhealthy for Sensitive Groups
2025-06-11,35.9125,33.74583333333333,429.5416666666667,9.5875,3.0083333333333333,45.79166666666666,0.4195833333333333,1.5416666666666667,0.5770833333333333,83.375,61.04166666666666,2025,6,June,Wednesday,Rainy / Wet,Moderate
2025-06-12,40.266666666666666,38.50416666666667,573.375,11.025,3.329166666666666,47.958333333333336,0.5058333333333334,1.2916666666666667,0.7770833333333335,121.95833333333331,75.375,2025,6,June,Thursday,Rainy / Wet,Unhealthy for Sensitive Groups
2025-06-13,30.39583333333333,28.225,571.5,8.137500000000001,2.8875,56.5,0.4308333333333333,1.6666666666666667,1.7666666666666666,91.625,65.25,2025,6,June,Friday,Rainy / Wet,Moderate
2025-06-14,29.479166666666668,27.35,425.9166666666667,7.879166666666666,2.4541666666666666,47.208333333333336,0.3883333333333333,1.75,0.7229166666666668,73.54166666666667,50.875,2025,6,June,Saturday,Rainy / Wet,Moderate
2025-06-15,38.958333333333336,36.9125,469.6666666666667,10.004166666666666,3.3125,44.375,0.485,1.7083333333333333,1.0958333333333334,105.79166666666669,70.16666666666667,2025,6,June,Sunday,Rainy / Wet,Unhealthy for Sensitive Groups
2025-06-16,27.441666666666663,24.558333333333334,408.9166666666667,7.204166666666667,2.433333333333333,49.04166666666666,0.4483333333333333,4.375,1.2479166666666666,79.45833333333333,57.333333333333336,2025,6,June,Monday,Rainy / Wet,Moderate
2025-06-17,37.325,33.19166666666667,561.9583333333334,9.9375,3.920833333333333,56.25,0.35625,5.791666666666667,1.56875,93.58333333333331,65.83333333333333,2025,6,June,Tuesday,Rainy / Wet,Moderate
2025-06-18,34.166666666666664,32.270833333333336,639.1666666666666,10.095833333333331,3.275,48.958333333333336,0.3308333333333333,1.875,1.5916666666666668,87.25,63.583333333333336,2025,6,June,Wednesday,Rainy / Wet,Moderate
2025-06-19,23.120833333333334,21.59166666666667,445.0416666666667,6.908333333333334,2.225,51.125,0.29625,1.0,1.5041666666666669,83.41666666666667,61.708333333333336,2025,6,June,Thursday,Rainy / Wet,Moderate
2025-06-20,28.05,25.695833333333336,508.0833333333333,8.116666666666667,2.4208333333333334,49.083333333333336,0.3191666666666666,2.083333333333333,1.08125,74.58333333333333,54.25,2025,6,June,Friday,Rainy / Wet,Moderate
2025-06-21,27.8375,26.041666666666668,483.125,8.620833333333334,2.575,44.91666666666666,0.2920833333333333,1.4166666666666667,0.8770833333333333,78.75,60.375,2025,6,June,Saturday,Rainy / Wet,Moderate
2025-06-22,39.75833333333333,38.05,425.8333333333333,11.4375,3.6666666666666665,50.29166666666666,0.3008333333333333,0.0833333333333333,1.4541666666666666,97.83333333333331,67.5,2025,6,June,Sunday,Rainy / Wet,Moderate
2025-06-23,34.858333333333334,33.86666666666667,538.625,9.083333333333334,2.7875,51.375,0.5329166666666666,0.1666666666666666,1.1354166666666667,100.125,68.33333333333333,2025,6,June,Monday,Rainy / Wet,Unhealthy for Sensitive Groups
2025-06-24,28.0125,27.05,568.1666666666666,7.8,2.6916666666666664,55.25,0.3933333333333333,0.0416666666666666,0.9979166666666668,86.625,63.5,2025,6,June,Tuesday,Rainy / Wet,Moderate
2025-06-25,31.495833333333334,30.3625,476.125,9.425,3.0625,55.333333333333336,0.4320833333333333,0.0,1.0833333333333333,85.04166666666667,62.833333333333336,2025,6,June,Wednesday,Rainy / Wet,Moderate
2025-06-26,22.8625,22.27083333333333,465.1666666666667,8.3125,2.529166666666667,49.5,0.26125,0.125,0.5479166666666667,77.875,56.875,2025,6,June,Thursday,Rainy / Wet,Moderate
2025-06-27,29.129166666666663,27.7625,465.8333333333333,8.799999999999999,2.8875,51.958333333333336,0.3566666666666667,0.25,1.29375,80.41666666666667,60.208333333333336,2025,6,June,Friday,Rainy / Wet,Moderate
2025-06-28,23.433333333333334,21.22083333333333,438.0,6.258333333333333,2.0791666666666666,56.66666666666666,0.315,0.75,1.1916666666666669,76.41666666666667,56.79166666666666,2025,6,June,Saturday,Rainy / Wet,Moderate
2025-06-29,28.141666666666666,25.475,343.2916666666667,7.116666666666667,2.191666666666667,51.0,0.3570833333333333,0.875,1.08125,70.875,47.29166666666666,2025,6,June,Sunday,Rainy / Wet,Moderate
2025-06-30,33.604166666666664,30.433333333333334,391.7083333333333,8.195833333333333,2.6625,49.66666666666666,0.5083333333333333,0.8333333333333334,0.8208333333333333,88.29166666666667,64.0,2025,6,June,Monday,Rainy / Wet,Moderate
2025-07-01,36.62083333333333,33.71666666666667,562.2916666666666,8.2875,2.725,50.91666666666666,0.5395833333333333,0.625,0.8500000000000001,90.45833333333331,64.83333333333333,2025,7,July,Tuesday,Rainy / Wet,Moderate
2025-07-02,23.9875,23.316666666666663,610.1666666666666,7.716666666666666,2.495833333333333,53.208333333333336,0.34625,0.0,0.9229166666666666,82.20833333333333,60.208333333333336,2025,7,July,Wednesday,Rainy / Wet,Moderate
2025-07-03,24.308333333333334,23.1875,389.7916666666667,7.479166666666667,2.1625,50.41666666666666,0.3275,0.25,0.8333333333333334,78.5,59.16666666666666,2025,7,July,Thursday,Rainy / Wet,Moderate
2025-07-04,33.9375,32.425000000000004,474.0,9.233333333333333,2.529166666666667,49.458333333333336,0.2429166666666666,0.0,0.51875,79.625,57.708333333333336,2025,7,July,Friday,Rainy / Wet,Moderate
2025-07-05,41.34166666666667,39.52916666666667,623.2083333333334,11.629166666666668,3.591666666666667,49.625,0.3245833333333333,0.0,0.8770833333333333,109.95833333333331,71.66666666666667,2025,7,July,Saturday,Rainy / Wet,Unhealthy for Sensitive Groups
2025-07-06,34.170833333333334,32.958333333333336,581.0833333333334,9.8125,2.8041666666666667,47.54166666666666,0.3025,0.0,0.91875,104.75,69.91666666666667,2025,7,July,Sunday,Rainy / Wet,Unhealthy for Sensitive Groups
2025-07-07,24.14583333333333,22.9,438.4583333333333,7.425,2.1416666666666666,52.625,0.2616666666666666,0.0,0.9479166666666666,78.91666666666667,56.79166666666666,2025,7,July,Monday,Rainy / Wet,Moderate
2025-07-08,24.854166666666668,23.8625,390.4166666666667,7.274999999999999,2.0875,46.41666666666666,0.2116666666666666,0.0,0.4916666666666667,73.08333333333333,51.375,2025,7,July,Tuesday,Rainy / Wet,Moderate
2025-07-09,27.59583333333333,26.15833333333333,478.5416666666667,8.145833333333334,2.466666666666667,49.458333333333336,0.2433333333333333,0.0,0.8958333333333334,77.0,57.75,2025,7,July,Wednesday,Rainy / Wet,Moderate
2025-07-10,29.808333333333334,28.629166666666663,440.125,8.808333333333334,2.6666666666666665,49.25,0.3854166666666667,0.0,0.8041666666666667,84.58333333333333,62.66666666666666,2025,7,July,Thursday,Rainy / Wet,Moderate
2025-07-11,31.070833333333336,29.741666666666664,358.375,9.366666666666667,2.833333333333333,43.5,0.3916666666666666,0.0,1.0145833333333332,92.83333333333331,65.83333333333333,2025,7,July,Friday,Rainy / Wet,Moderate
2025-07-12,22.370833333333334,20.091666666666665,342.7083333333333,5.604166666666667,1.7375,50.54166666666666,0.34625,0.0,1.1708333333333334,69.375,43.79166666666666,2025,7,July,Saturday,Rainy / Wet,Moderate
2025-07-13,32.71666666666667,29.558333333333334,406.9583333333333,7.708333333333333,2.6083333333333334,53.958333333333336,0.5254166666666666,0.125,1.2916666666666667,76.375,54.75,2025,7,July,Sunday,Rainy / Wet,Moderate
2025-07-14,33.362500000000004,30.97083333333333,491.5,8.170833333333333,2.6125000000000003,49.91666666666666,0.5654166666666667,0.0,0.7625000000000001,90.04166666666667,64.5,2025,7,July,Monday,Rainy / Wet,Moderate
2025-07-15,31.179166666666664,29.0625,365.4166666666667,7.925,2.375,42.833333333333336,0.5812499999999999,0.2083333333333333,0.8854166666666666,88.54166666666667,64.25,2025,7,July,Tuesday,Rainy / Wet,Moderate
2025-07-16,25.04583333333333,22.8125,300.9583333333333,6.075,1.7958333333333334,47.375,0.47,0.0,0.8375,77.58333333333333,57.16666666666666,2025,7,July,Wednesday,Rainy / Wet,Moderate
2025-07-17,31.20833333333333,27.5375,334.0,5.5,1.8208333333333333,60.583333333333336,0.7441666666666666,0.75,0.9375,77.25,57.083333333333336,2025,7,July,Thursday,Rainy / Wet,Moderate
2025-07-18,35.24583333333333,31.775,393.125,6.891666666666667,2.658333333333333,68.04166666666667,0.6608333333333333,0.75,1.4229166666666666,93.0,65.75,2025,7,July,Friday,Rainy / Wet,Moderate
2025-07-19,23.729166666666668,21.791666666666668,378.125,5.504166666666666,1.95,60.125,0.5829166666666666,0.125,1.2645833333333334,77.5,55.458333333333336,2025,7,July,Saturday,Rainy / Wet,Moderate
2025-07-20,22.83333333333333,21.1,363.1666666666667,6.0625,1.9666666666666668,53.41666666666666,0.3466666666666667,0.0,1.2791666666666666,72.75,50.5,2025,7,July,Sunday,Rainy / Wet,Moderate
2025-07-21,22.125,20.316666666666663,348.9166666666667,6.841666666666666,1.8541666666666667,45.458333333333336,0.2829166666666666,0.0,0.5229166666666667,65.41666666666667,38.75,2025,7,July,Monday,Rainy / Wet,Moderate
2025-07-22,26.633333333333336,24.42083333333333,474.1666666666667,7.216666666666666,2.1666666666666665,46.875,0.3116666666666667,0.0,0.7083333333333334,70.66666666666667,46.833333333333336,2025,7,July,Tuesday,Rainy / Wet,Moderate
2025-07-23,25.29583333333333,23.079166666666666,497.625,6.516666666666667,1.925,48.04166666666666,0.2945833333333333,0.0,0.6479166666666667,79.95833333333333,60.54166666666666,2025,7,July,Wednesday,Rainy / Wet,Moderate
2025-07-24,20.025,18.870833333333334,381.125,6.4,1.9208333333333332,48.25,0.2175,0.0,0.6041666666666666,65.0,38.66666666666666,2025,7,July,Thursday,Rainy / Wet,Moderate
2025-07-25,26.475,25.008333333333336,382.625,7.141666666666667,2.095833333333333,45.625,0.3358333333333334,0.0,0.525,72.41666666666667,50.29166666666666,2025,7,July,Friday,Rainy / Wet,Moderate
2025-07-26,23.241666666666664,21.575,395.75,5.679166666666667,1.8166666666666669,49.75,0.33375,0.0416666666666666,0.8520833333333333,74.70833333333333,54.375,2025,7,July,Saturday,Rainy / Wet,Moderate
2025-07-27,24.4375,23.35833333333333,368.5833333333333,6.5,2.0083333333333333,52.16666666666666,0.25,0.0,0.3875,67.04166666666667,40.958333333333336,2025,7,July,Sunday,Rainy / Wet,Moderate
2025-07-28,26.0625,23.870833333333334,387.75,6.391666666666667,2.0375,55.41666666666666,0.4216666666666666,0.0,1.1958333333333333,81.20833333333333,61.0,2025,7,July,Monday,Rainy / Wet,Moderate
2025-07-29,30.741666666666664,28.09166666666667,401.0,7.241666666666667,2.4375,52.125,0.4058333333333333,0.0,1.04375,81.54166666666667,60.583333333333336,2025,7,July,Tuesday,Rainy / Wet,Moderate
2025-07-30,24.675,22.175,351.8333333333333,6.154166666666668,2.0500000000000003,52.833333333333336,0.4145833333333333,0.0,1.0166666666666666,76.70833333333333,55.958333333333336,2025,7,July,Wednesday,Rainy / Wet,Moderate
2025-07-31,20.404166666666665,18.7375,357.0,5.504166666666666,1.6791666666666665,54.75,0.36375,0.0,0.7083333333333334,64.75,38.54166666666666,2025,7,July,Thursday,Rainy / Wet,Moderate
2025-08-01,35.85,34.175000000000004,567.75,8.470833333333333,2.841666666666667,48.625,0.63375,0.0,0.5354166666666667,78.625,56.75,2025,8,August,Friday,Rainy / Wet,Moderate
2025-08-02,30.629166666666663,29.204166666666666,606.125,6.425,2.308333333333333,59.583333333333336,0.6437499999999999,0.375,0.9895833333333334,95.70833333333331,66.75,2025,8,August,Saturday,Rainy / Wet,Moderate
2025-08-03,28.8875,27.308333333333334,478.375,7.55,2.191666666666667,49.04166666666666,0.57125,0.2083333333333333,0.7666666666666666,85.375,62.875,2025,8,August,Sunday,Rainy / Wet,Moderate
2025-08-04,22.495833333333334,20.85833333333333,393.1666666666667,6.1000000000000005,1.8166666666666669,52.833333333333336,0.405,0.0,0.5375,73.95833333333333,51.958333333333336,2025,8,August,Monday,Rainy / Wet,Moderate
2025-08-05,27.2625,24.5875,400.625,5.8375,1.9166666666666667,53.0,0.6033333333333334,0.0,1.14375,71.33333333333333,47.958333333333336,2025,8,August,Tuesday,Rainy / Wet,Moderate
2025-08-06,24.45833333333333,22.445833333333336,380.5,5.333333333333333,1.8458333333333328,53.833333333333336,0.5120833333333333,0.0,1.05625,77.375,59.04166666666666,2025,8,August,Wednesday,Rainy / Wet,Moderate
2025-08-07,19.391666666666666,18.016666666666666,371.4583333333333,5.479166666666667,1.7625,52.41666666666666,0.3383333333333333,0.0,0.9958333333333332,67.95833333333333,42.5,2025,8,August,Thursday,Rainy / Wet,Moderate
2025-08-08,17.383333333333333,15.8625,387.9166666666667,4.775,1.6583333333333332,56.125,0.24625,0.0,0.6520833333333333,58.66666666666666,32.0,2025,8,August,Friday,Rainy / Wet,Moderate
2025-08-09,22.445833333333336,20.4875,500.25,5.9375,2.091666666666667,53.833333333333336,0.4716666666666667,0.0,1.2104166666666667,61.875,35.041666666666664,2025,8,August,Saturday,Rainy / Wet,Moderate
2025-08-10,24.40416666666667,21.745833333333334,413.9166666666667,5.416666666666667,1.975,47.375,0.4954166666666666,0.0,1.2104166666666667,73.08333333333333,51.458333333333336,2025,8,August,Sunday,Rainy / Wet,Moderate
2025-08-11,20.383333333333333,17.787499999999998,274.4166666666667,4.091666666666667,1.575,48.91666666666666,0.47625,0.0,0.9395833333333332,65.08333333333333,38.54166666666666,2025,8,August,Monday,Rainy / Wet,Moderate
2025-08-12,19.879166666666663,17.558333333333334,277.5416666666667,4.245833333333334,1.7083333333333333,51.41666666666666,0.4108333333333333,0.0,1.2541666666666669,60.54166666666666,33.833333333333336,2025,8,August,Tuesday,Rainy / Wet,Moderate
2025-08-13,21.925,19.64583333333333,279.125,4.875,1.9625,51.625,0.455,0.0,1.28125,64.41666666666667,37.708333333333336,2025,8,August,Wednesday,Rainy / Wet,Moderate
2025-08-14,24.04583333333333,21.275,252.58333333333331,4.604166666666667,1.8625,51.375,0.5520833333333334,0.0,1.2375,65.5,38.75,2025,8,August,Thursday,Rainy / Wet,Moderate
2025-08-15,27.604166666666668,24.391666666666666,274.6666666666667,5.525,2.0166666666666666,45.583333333333336,0.5629166666666666,0.0416666666666666,1.6395833333333334,74.91666666666667,54.75,2025,8,August,Friday,Rainy / Wet,Moderate
2025-08-16,18.325,16.2,246.875,4.283333333333333,1.5666666666666669,42.41666666666666,0.3770833333333334,0.125,1.4666666666666668,69.875,46.125,2025,8,August,Saturday,Rainy / Wet,Moderate
2025-08-17,17.241666666666667,15.241666666666667,238.54166666666663,4.325,1.6125,43.75,0.42,0.125,1.8,58.66666666666666,32.0,2025,8,August,Sunday,Rainy / Wet,Moderate
2025-08-18,20.92083333333333,18.516666666666666,239.58333333333331,5.4375,2.1666666666666665,46.04166666666666,0.4754166666666666,0.25,1.7145833333333331,60.16666666666666,33.458333333333336,2025,8,August,Monday,Rainy / Wet,Moderate
2025-08-19,25.59166666666667,22.4,255.875,5.120833333333334,2.245833333333333,51.583333333333336,0.6091666666666666,0.8333333333333334,1.6791666666666665,66.33333333333333,39.958333333333336,2025,8,August,Tuesday,Rainy / Wet,Moderate
2025-08-20,27.09583333333333,23.6625,222.875,4.483333333333333,1.8583333333333332,48.29166666666666,0.815,1.625,1.50625,73.20833333333333,51.708333333333336,2025,8,August,Wednesday,Rainy / Wet,Moderate
2025-08-21,18.241666666666667,16.579166666666666,239.66666666666663,4.525,1.8291666666666664,47.958333333333336,0.63125,0.3333333333333333,1.6791666666666665,67.20833333333333,42.333333333333336,2025,8,August,Thursday,Rainy / Wet,Moderate
2025-08-22,20.14583333333333,18.7625,294.875,5.325,1.8875,45.79166666666666,0.6699999999999999,0.0,1.4083333333333332,62.41666666666666,35.708333333333336,2025,8,August,Friday,Rainy / Wet,Moderate
2025-08-23,30.65,28.804166666666664,356.5,7.966666666666666,2.725,45.04166666666666,0.7466666666666666,0.25,0.8354166666666667,68.0,42.333333333333336,2025,8,August,Saturday,Rainy / Wet,Moderate
2025-08-24,26.70833333333333,25.21666666666667,361.875,7.504166666666666,2.4833333333333334,46.25,0.68375,0.0,0.7208333333333333,84.375,62.41666666666666,2025,8,August,Sunday,Rainy / Wet,Moderate
2025-08-25,32.2125,30.475,374.6666666666667,8.266666666666667,2.645833333333333,45.375,0.74125,0.1666666666666666,0.7895833333333333,88.375,64.04166666666667,2025,8,August,Monday,Rainy / Wet,Moderate
2025-08-26,20.066666666666663,18.466666666666665,276.8333333333333,5.154166666666667,1.8166666666666669,44.833333333333336,0.72625,0.0,1.0708333333333333,79.29166666666667,58.083333333333336,2025,8,August,Tuesday,Rainy / Wet,Moderate
2025-08-27,18.79583333333333,16.912499999999998,278.875,4.8125,1.8083333333333331,48.458333333333336,0.4825,0.0,1.1104166666666666,59.25,32.541666666666664,2025,8,August,Wednesday,Rainy / Wet,Moderate
2025-08-28,19.47083333333333,17.758333333333333,282.2083333333333,4.795833333333333,2.0416666666666665,52.208333333333336,0.6020833333333334,0.0,1.7333333333333334,62.708333333333336,35.875,2025,8,August,Thursday,Rainy / Wet,Moderate
2025-08-29,13.733333333333334,12.070833333333333,252.58333333333331,3.6208333333333336,1.4125,45.25,0.4008333333333333,0.0,1.3541666666666667,55.16666666666666,28.875,2025,8,August,Friday,Rainy / Wet,Moderate
2025-08-30,16.091666666666665,14.116666666666667,253.58333333333331,4.054166666666666,1.5708333333333335,48.04166666666666,0.3533333333333333,0.0,1.4645833333333331,51.458333333333336,25.625,2025,8,August,Saturday,Rainy / Wet,Moderate
2025-08-31,23.70833333333333,21.47083333333333,303.2916666666667,5.820833333333333,2.1958333333333333,47.625,0.54875,0.0,1.7020833333333334,64.29166666666667,38.125,2025,8,August,Sunday,Rainy / Wet,Moderate
2025-09-01,21.729166666666668,19.725,374.4166666666667,4.983333333333333,1.9833333333333332,48.625,0.6379166666666667,0.0,1.4041666666666668,67.5,41.04166666666666,2025,9,September,Monday,Rainy / Wet,Moderate
2025-09-02,19.491666666666667,17.845833333333335,339.7083333333333,5.058333333333333,1.8,42.79166666666666,0.4675,0.0,1.3083333333333331,64.75,37.958333333333336,2025,9,September,Tuesday,Rainy / Wet,Moderate
2025-09-03,16.720833333333335,15.454166666666666,318.75,5.545833333333333,1.8125,39.16666666666666,0.3358333333333334,0.0,0.925,57.41666666666666,30.916666666666668,2025,9,September,Wednesday,Rainy / Wet,Moderate
2025-09-04,25.40416666666667,23.741666666666664,404.7916666666667,7.175000000000001,2.4375,42.5,0.4341666666666666,0.0,1.0375,65.33333333333333,39.29166666666666,2025,9,September,Thursday,Rainy / Wet,Moderate
2025-09-05,28.479166666666668,26.9375,426.2083333333333,6.858333333333333,2.3041666666666667,46.583333333333336,0.6316666666666667,0.0,1.40625,84.04166666666667,62.29166666666666,2025,9,September,Friday,Rainy / Wet,Moderate
2025-09-06,23.066666666666663,21.366666666666664,437.25,5.766666666666667,2.1125000000000003,48.333333333333336,0.5183333333333333,0.0,1.74375,74.08333333333333,53.04166666666666,2025,9,September,Saturday,Rainy / Wet,Moderate
2025-09-07,25.416666666666668,23.6875,360.8333333333333,6.6625000000000005,2.2,47.29166666666666,0.4479166666666667,0.2083333333333333,1.4,72.04166666666667,49.5,2025,9,September,Sunday,Rainy / Wet,Moderate
2025-09-08,20.9125,19.8375,382.0833333333333,7.125,2.025,37.625,0.4595833333333333,0.125,0.7104166666666667,69.04166666666667,43.875,2025,9,September,Monday,Rainy / Wet,Moderate
2025-09-09,26.225,25.4125,469.0833333333333,8.166666666666666,2.5333333333333337,38.91666666666666,0.4020833333333333,0.0,0.9125,68.04166666666667,42.083333333333336,2025,9,September,Tuesday,Rainy / Wet,Moderate
2025-09-10,36.68333333333333,35.17916666666667,477.5833333333333,11.095833333333331,3.4125,40.583333333333336,0.39875,0.0,1.3666666666666665,105.625,70.16666666666667,2025,9,September,Wednesday,Rainy / Wet,Unhealthy for Sensitive Groups
2025-09-11,22.4125,20.995833333333334,387.6666666666667,6.295833333333333,2.2416666666666667,45.91666666666666,0.52375,0.0833333333333333,0.9666666666666668,73.375,47.875,2025,9,September,Thursday,Rainy / Wet,Moderate
2025-09-12,23.1125,21.73333333333333,417.625,7.391666666666667,2.1375,39.91666666666666,0.4112499999999999,0.0,0.91875,68.79166666666667,43.41666666666666,2025,9,September,Friday,Rainy / Wet,Moderate
2025-09-13,25.58333333333333,24.0875,461.4583333333333,7.870833333333334,2.404166666666667,41.333333333333336,0.2808333333333333,0.0,0.7479166666666667,71.625,48.833333333333336,2025,9,September,Saturday,Rainy / Wet,Moderate
2025-09-14,27.7375,25.5625,551.625,6.95,2.3041666666666667,44.458333333333336,0.3,1.4166666666666667,0.99375,84.125,62.29166666666666,2025,9,September,Sunday,Rainy / Wet,Moderate
2025-09-15,22.34583333333333,20.39583333333333,445.75,6.2,2.0375,43.208333333333336,0.2783333333333333,0.9583333333333334,1.0604166666666666,71.5,48.375,2025,9,September,Monday,Rainy / Wet,Moderate
2025-09-16,25.6625,23.90833333333333,521.7916666666666,7.7,2.466666666666667,40.833333333333336,0.2158333333333333,0.0,1.1854166666666666,65.75,39.04166666666666,2025,9,September,Tuesday,Rainy / Wet,Moderate
2025-09-17,29.6125,27.6125,718.125,8.387500000000001,2.779166666666667,39.333333333333336,0.3391666666666666,0.0,1.0708333333333333,88.5,64.08333333333333,2025,9,September,Wednesday,Rainy / Wet,Moderate
2025-09-18,28.141666666666666,26.195833333333336,464.0416666666667,7.779166666666668,2.341666666666667,40.708333333333336,0.3899999999999999,0.4583333333333333,1.2958333333333332,74.04166666666667,52.625,2025,9,September,Thursday,Rainy / Wet,Moderate
2025-09-19,27.195833333333336,25.7,355.2916666666667,8.058333333333334,2.85,40.5,0.4291666666666667,0.75,1.4666666666666666,82.58333333333333,61.75,2025,9,September,Friday,Rainy / Wet,Moderate
2025-09-20,24.15416666666667,20.85833333333333,434.3333333333333,6.525,2.2125,41.458333333333336,0.435,4.125,1.50625,75.875,56.54166666666666,2025,9,September,Saturday,Rainy / Wet,Moderate
2025-09-21,29.041666666666668,26.7375,400.0833333333333,8.729166666666666,2.6125000000000003,33.583333333333336,0.385,2.375,1.1541666666666666,69.91666666666667,45.625,2025,9,September,Sunday,Rainy / Wet,Moderate
2025-09-22,30.629166666666663,27.429166666666664,369.0416666666667,8.604166666666666,2.858333333333333,37.083333333333336,0.3058333333333333,3.7916666666666665,0.8833333333333333,86.95833333333333,63.625,2025,9,September,Monday,Rainy / Wet,Moderate
2025-09-23,34.725,31.825,423.2083333333333,9.141666666666667,2.904166666666667,38.208333333333336,0.2799999999999999,3.75,0.8125,90.16666666666669,64.75,2025,9,September,Tuesday,Rainy / Wet,Moderate
2025-09-24,28.3375,26.804166666666664,448.75,9.633333333333333,2.5416666666666665,32.5,0.24,0.5,0.7520833333333333,75.29166666666667,51.91666666666666,2025,9,September,Wednesday,Rainy / Wet,Moderate
2025-09-25,33.32083333333333,32.06666666666667,570.0833333333334,10.854166666666666,3.1291666666666664,34.125,0.215,0.0,1.3604166666666666,97.20833333333331,67.375,2025,9,September,Thursday,Rainy / Wet,Moderate
2025-09-26,30.23333333333333,28.73333333333333,374.0,10.0875,3.1750000000000003,39.375,0.2341666666666666,0.0,2.0812500000000003,94.41666666666669,66.29166666666667,2025,9,September,Friday,Rainy / Wet,Moderate
2025-09-27,32.329166666666666,30.475,441.5416666666667,9.3875,2.7875,39.833333333333336,0.37625,0.0833333333333333,1.2083333333333333,78.95833333333333,58.625,2025,9,September,Saturday,Rainy / Wet,Moderate
2025-09-28,22.491666666666664,21.854166666666668,389.875,7.604166666666667,2.075,37.708333333333336,0.2845833333333333,0.0,1.13125,81.70833333333333,61.125,2025,9,September,Sunday,Rainy / Wet,Moderate
2025-09-29,21.004166666666663,20.40833333333333,476.4166666666667,7.195833333333333,2.0291666666666663,37.375,0.2695833333333333,0.2083333333333333,1.4500000000000002,61.91666666666666,35.375,2025,9,September,Monday,Rainy / Wet,Moderate
2025-09-30,28.491666666666664,26.5625,534.2916666666666,7.875,2.475,37.79166666666666,0.2608333333333333,1.3333333333333333,1.2145833333333331,81.625,59.708333333333336,2025,9,September,Tuesday,Rainy / Wet,Moderate
2025-10-01,26.52916666666667,25.166666666666668,413.125,8.945833333333333,2.3875,32.0,0.1675,1.125,0.6749999999999999,81.29166666666667,61.25,2025,10,October,Wednesday,Rainy / Wet,Moderate
2025-10-02,26.34166666666667,24.979166666666668,529.125,8.6875,2.441666666666667,36.29166666666666,0.20125,0.0,1.01875,71.70833333333333,48.875,2025,10,October,Thursday,Rainy / Wet,Moderate
2025-10-03,34.583333333333336,32.145833333333336,685.625,10.716666666666669,3.6625,43.375,0.2870833333333333,0.9583333333333334,1.1791666666666667,94.83333333333331,66.5,2025,10,October,Friday,Rainy / Wet,Moderate
2025-10-04,19.0875,15.333333333333334,301.1666666666667,5.6375,1.7833333333333332,39.708333333333336,0.3358333333333334,4.625,1.0604166666666666,69.125,44.0,2025,10,October,Saturday,Rainy / Wet,Moderate
2025-10-05,23.35,21.8,389.7916666666667,8.458333333333334,2.4208333333333334,34.416666666666664,0.1829166666666666,1.2916666666666667,1.08125,58.875,32.375,2025,10,October,Sunday,Rainy / Wet,Moderate
2025-10-06,31.5,30.166666666666668,530.375,9.970833333333331,2.6916666666666664,40.333333333333336,0.3320833333333333,0.7083333333333334,1.7583333333333335,88.5,63.458333333333336,2025,10,October,Monday,Rainy / Wet,Moderate
2025-10-07,29.566666666666663,27.82083333333333,390.0,9.7375,2.566666666666667,33.666666666666664,0.2158333333333333,1.125,1.4104166666666669,80.33333333333333,60.958333333333336,2025,10,October,Tuesday,Rainy / Wet,Moderate
2025-10-08,32.52916666666666,30.7375,434.0833333333333,11.4875,2.9458333333333333,32.291666666666664,0.27625,0.75,1.2145833333333331,92.45833333333331,65.66666666666667,2025,10,October,Wednesday,Rainy / Wet,Moderate
2025-10-09,37.80416666666667,35.045833333333334,771.4583333333334,10.8875,2.9875000000000003,47.083333333333336,0.3854166666666667,3.208333333333333,1.3041666666666667,94.70833333333331,66.45833333333333,2025,10,October,Thursday,Rainy / Wet,Moderate
2025-10-10,37.42916666666667,34.25,406.7083333333333,9.870833333333334,2.704166666666667,43.5,0.4095833333333333,4.416666666666667,0.7458333333333332,94.625,66.45833333333333,2025,10,October,Friday,Rainy / Wet,Moderate
2025-10-11,23.254166666666663,21.95833333333333,474.1666666666667,6.925,2.145833333333333,55.5,0.335,1.3333333333333333,2.1729166666666666,87.33333333333333,63.16666666666666,2025,10,October,Saturday,Rainy / Wet,Moderate
2025-10-12,30.229166666666668,28.266666666666666,593.8333333333334,7.958333333333333,2.5708333333333333,51.75,0.4291666666666667,1.875,1.0583333333333331,69.58333333333333,44.583333333333336,2025,10,October,Sunday,Rainy / Wet,Moderate
2025-10-13,38.18333333333333,36.458333333333336,658.5416666666666,10.633333333333333,3.3708333333333336,52.41666666666666,0.37125,0.9166666666666666,1.7708333333333333,103.08333333333331,69.25,2025,10,October,Monday,Rainy / Wet,Unhealthy for Sensitive Groups
2025-10-14,26.70833333333333,25.725,422.6666666666667,9.3125,2.475,44.375,0.33375,0.3333333333333333,1.1291666666666669,82.0,58.708333333333336,2025,10,October,Tuesday,Rainy / Wet,Moderate
2025-10-15,31.9875,31.5375,479.5416666666667,10.895833333333334,2.9166666666666665,37.41666666666666,0.2483333333333333,0.0,0.3395833333333333,81.20833333333333,61.29166666666666,2025,10,October,Wednesday,Rainy / Wet,Moderate
2025-10-16,42.4,39.73333333333333,613.7916666666666,11.370833333333332,3.4916666666666667,48.5,0.3295833333333333,2.958333333333333,1.35,118.0,74.04166666666667,2025,10,October,Thursday,Rainy / Wet,Unhealthy for Sensitive Groups
2025-10-17,41.92916666666667,38.825,1047.125,11.354166666666666,3.4375,48.41666666666666,0.3095833333333333,3.583333333333333,1.9791666666666667,106.58333333333331,70.5,2025,10,October,Friday,Rainy / Wet,Unhealthy for Sensitive Groups
2025-10-18,45.17083333333333,41.34583333333333,570.3333333333334,11.3875,3.5416666666666665,48.54166666666666,0.3866666666666666,5.291666666666667,1.3666666666666665,114.29166666666669,72.875,2025,10,October,Saturday,Rainy / Wet,Unhealthy for Sensitive Groups
2025-10-19,28.4,25.58333333333333,486.9166666666667,9.404166666666669,2.4833333333333334,41.833333333333336,0.29875,4.041666666666667,1.0416666666666667,88.16666666666667,63.79166666666666,2025,10,October,Sunday,Rainy / Wet,Moderate
2025-10-20,26.241666666666664,24.45,417.2916666666667,9.716666666666669,2.6125000000000003,40.958333333333336,0.2729166666666666,1.8333333333333333,0.6833333333333335,76.375,57.41666666666666,2025,10,October,Monday,Rainy / Wet,Moderate
2025-10-21,35.30416666666667,30.7875,486.5416666666667,9.025,3.208333333333333,55.833333333333336,0.3808333333333333,6.166666666666667,1.4875,92.33333333333331,65.58333333333333,2025,10,October,Tuesday,Rainy / Wet,Moderate
2025-10-22,29.854166666666668,21.945833333333336,419.25,6.0375000000000005,1.8375,51.083333333333336,0.5195833333333334,11.375,1.1895833333333334,71.95833333333333,47.29166666666666,2025,10,October,Wednesday,Rainy / Wet,Moderate
2025-10-23,32.829166666666666,27.754166666666663,370.9583333333333,9.104166666666666,2.4625,40.91666666666666,0.4033333333333333,7.5,1.025,76.58333333333333,57.375,2025,10,October,Thursday,Rainy / Wet,Moderate
2025-10-24,32.40416666666667,28.104166666666668,465.3333333333333,9.204166666666667,2.4125,44.458333333333336,0.4016666666666666,5.166666666666667,1.2104166666666667,88.45833333333333,64.04166666666667,2025,10,October,Friday,Rainy / Wet,Moderate
2025-10-25,35.12083333333333,31.0,567.2083333333334,10.170833333333333,2.766666666666667,46.583333333333336,0.3783333333333333,4.75,1.31875,86.70833333333333,63.333333333333336,2025,10,October,Saturday,Rainy / Wet,Moderate
2025-10-26,29.883333333333336,27.454166666666666,600.8333333333334,9.483333333333333,2.7416666666666667,56.583333333333336,0.3783333333333333,3.208333333333333,1.1,86.625,63.41666666666666,2025,10,October,Sunday,Rainy / Wet,Moderate
2025-10-27,24.820833333333336,21.2125,344.9166666666667,6.845833333333334,1.9625,52.0,0.41875,5.541666666666667,1.3583333333333334,75.20833333333333,54.583333333333336,2025,10,October,Monday,Rainy / Wet,Moderate
2025-10-28,31.34166666666667,29.0,379.2916666666667,9.95,2.529166666666667,42.125,0.3679166666666666,3.0416666666666665,0.5729166666666666,72.91666666666667,50.375,2025,10,October,Tuesday,Rainy / Wet,Moderate
2025-10-29,26.475,25.65,463.1666666666667,10.433333333333334,3.075,43.625,0.2670833333333333,0.2916666666666667,1.2,93.04166666666669,65.66666666666667,2025,10,October,Wednesday,Rainy / Wet,Moderate
2025-10-30,23.33333333333333,22.275,428.8333333333333,9.008333333333333,2.3625000000000003,36.29166666666666,0.2670833333333333,0.75,0.9395833333333332,68.45833333333333,43.79166666666666,2025,10,October,Thursday,Rainy / Wet,Moderate
2025-10-31,30.808333333333334,28.75,349.3333333333333,11.170833333333334,2.9958333333333336,41.708333333333336,0.3045833333333334,2.4166666666666665,0.9541666666666668,75.95833333333333,55.458333333333336,2025,10,October,Friday,Rainy / Wet,Moderate
2025-11-01,25.729166666666668,23.554166666666664,502.8333333333333,9.695833333333333,2.8000000000000003,46.375,0.3179166666666667,2.958333333333333,1.1520833333333331,83.375,61.875,2025,11,November,Saturday,Harmattan / Dry,Moderate
2025-11-02,28.85,26.566666666666663,516.9166666666666,10.008333333333333,2.7125,44.458333333333336,0.3487499999999999,2.333333333333333,1.05,81.66666666666667,61.125,2025,11,November,Sunday,Harmattan / Dry,Moderate
2025-11-03,34.675000000000004,32.94166666666667,648.5416666666666,12.670833333333334,3.4250000000000003,38.208333333333336,0.2941666666666666,1.6666666666666667,1.2041666666666668,79.79166666666667,60.5,2025,11,November,Monday,Harmattan / Dry,Moderate
2025-11-04,37.97916666666666,36.03333333333333,788.7916666666666,13.329166666666666,3.1958333333333333,41.625,0.3366666666666666,2.5,1.19375,103.79166666666669,69.54166666666667,2025,11,November,Tuesday,Harmattan / Dry,Unhealthy for Sensitive Groups
2025-11-05,26.7875,25.7,730.6666666666666,10.1875,2.65,48.333333333333336,0.35125,1.2916666666666667,1.1791666666666667,94.125,66.08333333333333,2025,11,November,Wednesday,Harmattan / Dry,Moderate
2025-11-06,26.504166666666663,24.7,490.8333333333333,9.475,2.441666666666667,40.79166666666666,0.3979166666666667,1.6666666666666667,1.2479166666666666,71.95833333333333,49.208333333333336,2025,11,November,Thursday,Harmattan / Dry,Moderate
2025-11-07,38.15833333333333,34.983333333333334,552.3333333333334,12.183333333333332,3.6875,49.29166666666666,0.4008333333333333,4.625,1.2041666666666666,84.75,62.708333333333336,2025,11,November,Friday,Harmattan / Dry,Moderate
2025-11-08,34.8875,29.20833333333333,502.0,8.791666666666666,2.783333333333333,51.79166666666666,0.4829166666666666,8.083333333333334,1.6395833333333334,102.625,69.16666666666667,2025,11,November,Saturday,Harmattan / Dry,Unhealthy for Sensitive Groups
2025-11-09,31.6125,26.9,496.5416666666667,9.429166666666667,2.495833333333333,41.54166666666666,0.5183333333333333,6.583333333333333,0.8041666666666667,79.25,60.25,2025,11,November,Sunday,Harmattan / Dry,Moderate
2025-11-10,41.81666666666667,37.85833333333333,560.3333333333334,13.1,3.608333333333333,51.16666666666666,0.4116666666666667,5.291666666666667,1.53125,101.95833333333331,68.79166666666667,2025,11,November,Monday,Harmattan / Dry,Unhealthy for Sensitive Groups
2025-11-11,30.1375,27.08333333333333,489.2916666666667,10.308333333333334,2.520833333333333,43.91666666666666,0.4316666666666666,3.7083333333333335,0.7395833333333334,88.75,64.04166666666667,2025,11,November,Tuesday,Harmattan / Dry,Moderate
2025-11-12,20.8875,18.683333333333334,452.625,7.5,2.020833333333333,49.04166666666666,0.3783333333333333,2.7916666666666665,0.8833333333333333,74.0,52.25,2025,11,November,Wednesday,Harmattan / Dry,Moderate
2025-11-13,22.875,19.97083333333333,399.5833333333333,6.866666666666667,2.2416666666666667,58.91666666666666,0.3429166666666667,3.8333333333333335,1.6479166666666665,61.625,36.625,2025,11,November,Thursday,Harmattan / Dry,Moderate
2025-11-14,30.0125,25.245833333333334,463.875,8.283333333333333,2.470833333333333,56.75,0.4558333333333333,6.416666666666667,1.6145833333333333,76.875,56.54166666666666,2025,11,November,Friday,Harmattan / Dry,Moderate
2025-11-15,25.695833333333336,19.729166666666668,384.4583333333333,5.675,1.8083333333333331,56.66666666666666,0.5033333333333333,8.041666666666666,1.0416666666666667,69.08333333333333,44.0,2025,11,November,Saturday,Harmattan / Dry,Moderate
2025-11-16,34.7125,26.98333333333333,456.25,8.229166666666666,2.2041666666666666,55.75,0.4954166666666666,11.708333333333334,1.1208333333333331,74.0,52.75,2025,11,November,Sunday,Harmattan / Dry,Moderate
2025-11-17,37.395833333333336,30.425,544.6666666666666,9.316666666666666,2.458333333333333,56.083333333333336,0.5408333333333334,10.125,1.0354166666666669,87.79166666666667,63.875,2025,11,November,Monday,Harmattan / Dry,Moderate
2025-11-18,35.12916666666667,27.58333333333333,408.3333333333333,7.1375,2.325,70.29166666666667,0.4695833333333333,11.75,1.6479166666666665,84.08333333333333,62.375,2025,11,November,Tuesday,Harmattan / Dry,Moderate
2025-11-19,28.929166666666664,23.0125,434.0833333333333,6.195833333333333,1.9458333333333333,66.20833333333333,0.4783333333333333,8.791666666666666,1.49375,78.0,58.16666666666666,2025,11,November,Wednesday,Harmattan / Dry,Moderate
2025-11-20,31.566666666666663,25.70833333333333,436.375,7.179166666666667,2.15,63.208333333333336,0.4599999999999999,8.208333333333334,1.5875,80.375,59.91666666666666,2025,11,November,Thursday,Harmattan / Dry,Moderate
2025-11-21,24.325,20.341666666666665,378.8333333333333,6.241666666666667,1.7375,61.41666666666666,0.43625,5.25,0.7270833333333333,68.875,44.375,2025,11,November,Friday,Harmattan / Dry,Moderate
2025-11-22,25.02083333333333,21.5125,429.2083333333333,6.504166666666666,1.9666666666666668,61.16666666666666,0.4566666666666666,5.083333333333333,1.2583333333333333,70.79166666666667,47.125,2025,11,November,Saturday,Harmattan / Dry,Moderate
2025-11-23,25.516666666666666,22.4,390.2083333333333,7.395833333333333,2.158333333333333,53.375,0.4008333333333333,2.708333333333333,1.1145833333333333,67.45833333333333,41.29166666666666,2025,11,November,Sunday,Harmattan / Dry,Moderate
2025-11-24,31.1625,27.10833333333333,454.5,7.216666666666666,2.283333333333333,65.45833333333333,0.44625,4.416666666666667,1.8166666666666669,82.5,60.66666666666666,2025,11,November,Monday,Harmattan / Dry,Moderate
2025-11-25,23.666666666666668,19.8625,406.625,5.279166666666667,1.8208333333333333,63.79166666666666,0.3895833333333333,4.083333333333333,1.5791666666666666,72.375,49.375,2025,11,November,Tuesday,Harmattan / Dry,Moderate
2025-11-26,23.21666666666667,19.64583333333333,412.5,5.270833333333333,1.6,65.5,0.4779166666666667,4.958333333333333,1.5729166666666667,65.04166666666667,39.958333333333336,2025,11,November,Wednesday,Harmattan / Dry,Moderate
2025-11-27,25.1375,21.2625,365.25,6.2,1.8583333333333332,59.66666666666666,0.5770833333333333,5.291666666666667,1.29375,67.20833333333333,40.5,2025,11,November,Thursday,Harmattan / Dry,Moderate
2025-11-28,32.6625,26.42083333333333,400.25,7.3875,2.1750000000000003,58.583333333333336,0.5791666666666667,10.208333333333334,0.9041666666666668,78.25,58.29166666666666,2025,11,November,Friday,Harmattan / Dry,Moderate
2025-11-29,23.579166666666666,19.529166666666665,363.9583333333333,5.433333333333334,1.8208333333333333,60.958333333333336,0.4679166666666667,4.875,1.48125,72.66666666666667,50.375,2025,11,November,Saturday,Harmattan / Dry,Moderate
2025-11-30,24.60833333333333,20.85,344.0833333333333,5.691666666666666,1.9583333333333333,62.29166666666666,0.4583333333333333,4.416666666666667,1.35625,66.83333333333333,41.125,2025,11,November,Sunday,Harmattan / Dry,Moderate
2025-12-01,21.620833333333334,18.891666666666666,336.0416666666667,5.979166666666667,1.775,57.16666666666666,0.4483333333333333,3.083333333333333,0.9958333333333332,67.20833333333333,40.958333333333336,2025,12,December,Monday,Harmattan / Dry,Moderate
2025-12-02,24.27083333333333,20.8625,348.125,6.195833333333333,1.9083333333333328,66.45833333333333,0.6241666666666666,5.291666666666667,0.9229166666666666,64.79166666666667,39.458333333333336,2025,12,December,Tuesday,Harmattan / Dry,Moderate
2025-12-03,30.504166666666663,24.9125,397.875,6.354166666666667,1.8208333333333333,73.66666666666667,0.8270833333333334,10.208333333333334,0.7958333333333333,71.33333333333333,48.208333333333336,2025,12,December,Wednesday,Harmattan / Dry,Moderate
2025-12-04,33.62916666666667,26.625,412.0833333333333,7.166666666666667,2.325,66.125,0.6062500000000001,12.125,1.1229166666666666,80.125,60.91666666666666,2025,12,December,Thursday,Harmattan / Dry,Moderate
2025-12-05,41.075,34.78333333333333,403.8333333333333,9.2125,2.708333333333333,59.16666666666666,0.5820833333333334,9.583333333333334,1.1104166666666666,98.20833333333331,67.70833333333333,2025,12,December,Friday,Harmattan / Dry,Moderate
2025-12-06,36.88333333333333,31.866666666666664,510.25,8.541666666666666,2.495833333333333,63.458333333333336,0.5966666666666667,7.583333333333333,0.75,92.33333333333331,65.54166666666667,2025,12,December,Saturday,Harmattan / Dry,Moderate
2025-12-07,28.3875,25.05,429.5416666666667,8.0625,2.529166666666667,74.79166666666667,0.6054166666666666,5.958333333333333,0.9145833333333332,82.45833333333333,61.833333333333336,2025,12,December,Sunday,Harmattan / Dry,Moderate
2025-12-08,25.40833333333333,18.791666666666668,532.4583333333334,5.825,2.033333333333333,69.5,0.5008333333333334,10.666666666666666,1.6291666666666669,72.29166666666667,49.833333333333336,2025,12,December,Monday,Harmattan / Dry,Moderate
2025-12-09,29.570833333333336,19.01666666666667,436.0833333333333,5.3625,2.058333333333333,64.54166666666667,0.5845833333333333,17.125,1.4020833333333331,62.833333333333336,38.5,2025,12,December,Tuesday,Harmattan / Dry,Moderate
2025-12-10,50.5,28.25,374.625,6.1875,2.5125,72.66666666666667,0.6825,39.04166666666666,1.4041666666666668,72.83333333333333,50.625,2025,12,December,Wednesday,Harmattan / Dry,Moderate
2025-12-11,41.770833333333336,24.133333333333336,330.7083333333333,5.0,1.8125,66.16666666666667,0.7304166666666667,30.58333333333333,1.3541666666666667,81.41666666666667,60.583333333333336,2025,12,December,Thursday,Harmattan / Dry,Moderate
2025-12-12,49.65,30.804166666666664,385.7083333333333,6.566666666666666,2.2291666666666665,64.16666666666667,0.7270833333333333,32.833333333333336,1.5354166666666669,83.41666666666667,61.91666666666666,2025,12,December,Friday,Harmattan / Dry,Moderate
2025-12-13,56.583333333333336,33.84583333333333,410.7916666666667,6.0875,2.3041666666666667,69.79166666666667,0.6633333333333333,39.958333333333336,1.49375,93.125,65.79166666666667,2025,12,December,Saturday,Harmattan / Dry,Moderate
2025-12-14,36.675,26.166666666666668,359.2083333333333,5.679166666666667,1.8625,67.25,0.64875,17.083333333333332,0.9583333333333334,86.58333333333333,63.41666666666666,2025,12,December,Sunday,Harmattan / Dry,Moderate
2025-12-15,39.90833333333333,29.745833333333334,345.5416666666667,6.166666666666667,2.245833333333333,70.33333333333333,0.5720833333333334,15.916666666666666,1.6583333333333332,84.45833333333333,62.583333333333336,2025,12,December,Monday,Harmattan / Dry,Moderate
2025-12-16,36.44583333333333,24.72083333333333,351.2083333333333,4.616666666666666,1.9458333333333333,70.04166666666667,0.5095833333333334,18.45833333333333,1.6229166666666668,84.5,62.708333333333336,2025,12,December,Tuesday,Harmattan / Dry,Moderate
2025-12-17,29.7375,19.125,314.375,4.529166666666667,1.5875,63.16666666666666,0.535,18.041666666666668,1.11875,71.45833333333333,48.66666666666666,2025,12,December,Wednesday,Harmattan / Dry,Moderate
2025-12-18,36.17916666666667,25.120833333333334,376.2916666666667,5.945833333333333,2.004166666666667,61.0,0.5758333333333333,18.58333333333333,1.49375,69.33333333333333,45.083333333333336,2025,12,December,Thursday,Harmattan / Dry,Moderate
2025-12-19,44.96666666666667,30.98333333333333,356.2916666666667,7.079166666666667,2.5125,65.29166666666667,0.5345833333333333,22.916666666666668,1.65625,86.125,63.208333333333336,2025,12,December,Friday,Harmattan / Dry,Moderate
2025-12-20,46.51666666666667,29.1,370.3333333333333,5.679166666666667,2.3625000000000003,72.75,0.5983333333333333,29.45833333333333,1.58125,84.375,62.583333333333336,2025,12,December,Saturday,Harmattan / Dry,Moderate
2025-12-21,44.01666666666667,28.004166666666663,362.125,4.7375,1.9458333333333333,73.16666666666667,0.6170833333333333,26.45833333333333,1.5541666666666665,88.66666666666667,64.29166666666667,2025,12,December,Sunday,Harmattan / Dry,Moderate
2025-12-22,39.15833333333333,25.2625,344.375,5.166666666666667,1.9458333333333333,72.20833333333333,0.6237499999999999,22.875,1.5020833333333332,80.625,60.75,2025,12,December,Monday,Harmattan / Dry,Moderate
2025-12-23,40.7375,27.070833333333336,374.2083333333333,5.591666666666666,2.1666666666666665,72.91666666666667,0.5004166666666666,22.916666666666668,1.5458333333333334,82.16666666666667,61.79166666666666,2025,12,December,Tuesday,Harmattan / Dry,Moderate
2025-12-24,27.08333333333333,20.575,344.2083333333333,4.9125,1.5958333333333332,68.08333333333333,0.4483333333333333,9.25,1.4541666666666666,71.83333333333333,48.958333333333336,2025,12,December,Wednesday,Harmattan / Dry,Moderate
2025-12-25,33.1625,26.041666666666668,360.5,6.3625,2.0500000000000003,62.958333333333336,0.48,10.208333333333334,1.2104166666666667,78.04166666666667,57.91666666666666,2025,12,December,Thursday,Harmattan / Dry,Moderate
2025-12-26,26.5625,21.2875,323.7083333333333,5.425,1.7375,65.66666666666667,0.5054166666666667,7.458333333333333,1.2166666666666666,74.375,53.625,2025,12,December,Friday,Harmattan / Dry,Moderate
2025-12-27,21.75,17.883333333333333,295.2083333333333,4.808333333333334,1.6291666666666669,67.54166666666667,0.4516666666666666,4.458333333333333,1.225,64.79166666666667,39.29166666666666,2025,12,December,Saturday,Harmattan / Dry,Moderate
2025-12-28,25.40833333333333,20.016666666666666,319.25,5.508333333333333,1.7083333333333333,66.16666666666667,0.4458333333333333,7.041666666666667,0.7770833333333332,66.125,39.54166666666666,2025,12,December,Sunday,Harmattan / Dry,Moderate
2025-12-29,19.579166666666666,14.8,271.125,4.5875,1.575,62.91666666666666,0.3783333333333333,6.958333333333333,1.00625,59.54166666666666,34.083333333333336,2025,12,December,Monday,Harmattan / Dry,Moderate
2025-12-30,23.066666666666663,18.691666666666663,332.7916666666667,5.958333333333333,1.8416666666666668,55.458333333333336,0.3766666666666667,5.166666666666667,1.0979166666666669,60.875,34.208333333333336,2025,12,December,Tuesday,Harmattan / Dry,Moderate
2025-12-31,29.383333333333336,23.8375,334.375,6.254166666666666,2.0541666666666667,61.125,0.5191666666666667,7.208333333333333,1.3,70.875,47.54166666666666,2025,12,December,Wednesday,Harmattan / Dry,Moderate
2026-01-01,27.27916666666667,22.979166666666668,342.9583333333333,6.887499999999999,2.1958333333333333,59.375,0.5745833333333333,5.25,1.21875,72.95833333333333,51.41666666666666,2026,1,January,Thursday,Harmattan / Dry,Moderate
2026-01-02,31.416666666666668,24.95833333333333,346.5,6.3500000000000005,2.1750000000000003,75.91666666666667,0.59875,10.166666666666666,1.1729166666666668,71.875,50.083333333333336,2026,1,January,Friday,Harmattan / Dry,Moderate
2026-01-03,37.29583333333333,29.6375,404.125,7.175,2.3625000000000003,71.08333333333333,0.52125,11.208333333333334,1.75625,91.45833333333331,65.25,2026,1,January,Saturday,Harmattan / Dry,Moderate
2026-01-04,26.316666666666663,19.445833333333333,348.0,5.225,1.8833333333333333,69.04166666666667,0.4466666666666667,10.166666666666666,1.58125,70.625,47.125,2026,1,January,Sunday,Harmattan / Dry,Moderate
2026-01-05,43.6625,25.245833333333334,353.25,4.729166666666667,1.554166666666667,74.58333333333333,0.52,31.666666666666668,1.7708333333333333,70.75,48.458333333333336,2026,1,January,Monday,Harmattan / Dry,Moderate
2026-01-06,42.141666666666666,21.33333333333333,300.5833333333333,3.85,1.741666666666667,78.375,0.4912499999999999,36.16666666666666,1.7145833333333331,74.75,55.16666666666666,2026,1,January,Tuesday,Harmattan / Dry,Moderate
2026-01-07,29.066666666666663,17.6375,289.2916666666667,3.5625,1.5,71.0,0.5466666666666666,18.58333333333333,1.41875,65.79166666666667,41.29166666666666,2026,1,January,Wednesday,Harmattan / Dry,Moderate
2026-01-08,36.395833333333336,25.058333333333334,341.1666666666667,5.645833333333333,1.725,65.0,0.6812499999999999,18.125,0.90625,70.29166666666667,46.958333333333336,2026,1,January,Thursday,Harmattan / Dry,Moderate
2026-01-09,28.90416666666667,21.729166666666668,347.75,5.454166666666667,1.8333333333333333,70.54166666666667,0.6479166666666667,10.916666666666666,1.1479166666666667,75.125,55.04166666666666,2026,1,January,Friday,Harmattan / Dry,Moderate
2026-01-10,44.27916666666667,26.741666666666664,374.75,5.320833333333334,1.8625,72.70833333333333,0.5679166666666667,29.791666666666668,1.6833333333333331,73.625,51.958333333333336,2026,1,January,Saturday,Harmattan / Dry,Moderate
2026-01-11,46.12083333333334,25.225,377.4166666666667,4.695833333333334,1.9375,77.375,0.5445833333333333,36.875,1.69375,80.79166666666667,61.083333333333336,2026,1,January,Sunday,Harmattan / Dry,Moderate
2026-01-12,59.1125,31.666666666666668,348.5833333333333,5.2375,2.1125000000000003,79.83333333333333,0.69625,48.833333333333336,1.6520833333333331,83.70833333333333,62.208333333333336,2026,1,January,Monday,Harmattan / Dry,Moderate
2026-01-13,70.27916666666667,38.71666666666666,364.0,5.7375,2.2916666666666665,80.33333333333333,0.79875,54.958333333333336,1.5833333333333333,95.54166666666669,66.75,2026,1,January,Tuesday,Harmattan / Dry,Moderate
2026-01-14,95.67083333333332,52.2125,371.2916666666667,6.770833333333333,2.2041666666666666,85.58333333333333,0.9308333333333332,78.54166666666667,1.5395833333333335,120.16666666666669,74.83333333333333,2026,1,January,Wednesday,Harmattan / Dry,Unhealthy for Sensitive Groups
2026-01-15,84.72083333333333,47.425,348.1666666666667,4.966666666666667,2.058333333333333,90.5,0.9504166666666668,66.375,1.34375,147.66666666666666,84.5,2026,1,January,Thursday,Harmattan / Dry,Unhealthy for Sensitive Groups
2026-01-16,82.10833333333333,48.05833333333334,431.125,6.8875,2.7125,91.70833333333331,0.8379166666666666,61.125,1.5083333333333335,127.625,77.29166666666667,2026,1,January,Friday,Harmattan / Dry,Unhealthy for Sensitive Groups
2026-01-17,55.97916666666666,33.61666666666667,376.5833333333333,4.295833333333333,1.6875,79.79166666666667,0.8475,38.083333333333336,1.3083333333333331,110.04166666666669,71.58333333333333,2026,1,January,Saturday,Harmattan / Dry,Unhealthy for Sensitive Groups
2026-01-18,52.22083333333333,35.2125,364.6666666666667,4.779166666666667,1.7083333333333333,73.83333333333333,0.8454166666666666,28.08333333333333,1.2583333333333333,102.25,69.08333333333333,2026,1,January,Sunday,Harmattan / Dry,Unhealthy for Sensitive Groups
2026-01-19,37.075,28.71666666666667,377.0,5.933333333333334,2.0083333333333333,70.45833333333333,0.78375,13.083333333333334,1.1854166666666666,92.95833333333331,65.79166666666667,2026,1,January,Monday,Harmattan / Dry,Moderate
2026-01-20,34.175000000000004,28.875,439.625,7.429166666666667,2.308333333333333,60.91666666666666,0.7266666666666667,8.083333333333334,1.0125,84.75,62.583333333333336,2026,1,January,Tuesday,Harmattan / Dry,Moderate
2026-01-21,40.9125,31.204166666666666,457.9166666666667,5.520833333333333,2.075,80.5,0.8416666666666667,14.958333333333334,1.3041666666666665,91.5,65.29166666666667,2026,1,January,Wednesday,Harmattan / Dry,Moderate
2026-01-22,39.458333333333336,24.95,402.125,4.754166666666666,1.9666666666666668,88.45833333333333,0.80125,25.125,1.55625,78.16666666666667,58.75,2026,1,January,Thursday,Harmattan / Dry,Moderate
2026-01-23,44.67083333333333,27.35833333333333,414.2916666666667,5.354166666666667,1.9833333333333332,78.45833333333333,0.7745833333333333,30.20833333333333,1.5333333333333332,83.25,62.16666666666666,2026,1,January,Friday,Harmattan / Dry,Moderate
2026-01-24,53.0125,30.766666666666666,387.5,5.533333333333334,2.0,76.58333333333333,0.7374999999999999,36.875,1.5333333333333332,87.54166666666667,63.708333333333336,2026,1,January,Saturday,Harmattan / Dry,Moderate
2026-01-25,53.03333333333333,29.825,384.9583333333333,5.433333333333334,2.0333333333333337,78.875,0.7616666666666667,40.458333333333336,1.60625,87.95833333333333,63.91666666666666,2026,1,January,Sunday,Harmattan / Dry,Moderate
2026-01-26,67.00833333333334,34.862500000000004,369.375,4.554166666666666,1.8416666666666668,86.08333333333333,0.82125,57.583333333333336,1.525,93.33333333333331,65.875,2026,1,January,Monday,Harmattan / Dry,Moderate
2026-01-27,52.97916666666666,30.266666666666666,397.5833333333333,5.358333333333333,2.15,80.5,0.8291666666666666,38.91666666666666,1.4166666666666667,95.875,66.83333333333333,2026,1,January,Tuesday,Harmattan / Dry,Moderate
2026-01-28,70.02083333333333,35.9625,404.3333333333333,5.904166666666666,2.225,81.75,0.7833333333333333,61.0,1.76875,88.95833333333333,64.16666666666667,2026,1,January,Wednesday,Harmattan / Dry,Moderate
2026-01-29,84.54166666666667,37.67083333333333,431.7083333333333,5.045833333333333,1.9083333333333328,85.33333333333333,0.8545833333333334,83.66666666666667,1.6229166666666668,98.25,69.04166666666667,2026,1,January,Thursday,Harmattan / Dry,Moderate
2026-01-30,91.875,40.65,409.25,4.733333333333333,1.9,82.16666666666667,0.8983333333333333,92.95833333333331,1.4270833333333333,116.70833333333331,78.0,2026,1,January,Friday,Harmattan / Dry,Unhealthy for Sensitive Groups
2026-01-31,43.025,24.366666666666664,352.9583333333333,4.741666666666666,1.6916666666666669,66.375,0.755,32.291666666666664,1.15,97.75,69.5,2026,1,January,Saturday,Harmattan / Dry,Moderate
2026-02-01,44.0875,27.64583333333333,346.25,6.166666666666667,1.9958333333333331,68.20833333333333,0.65625,26.666666666666668,0.75,76.875,57.5,2026,2,February,Sunday,Harmattan / Dry,Moderate
2026-02-02,52.20416666666667,33.9375,351.25,6.9,2.2958333333333334,61.79166666666666,0.6775000000000001,30.58333333333333,1.0708333333333333,92.04166666666669,65.375,2026,2,February,Monday,Harmattan / Dry,Moderate
2026-02-03,46.12916666666666,31.50833333333333,376.5416666666667,6.7250000000000005,2.1875,61.333333333333336,0.6666666666666666,23.95833333333333,1.2916666666666667,95.0,66.45833333333333,2026,2,February,Tuesday,Harmattan / Dry,Moderate
2026-02-04,33.291666666666664,25.8,341.375,7.391666666666667,2.4,58.5,0.5870833333333333,11.791666666666666,1.3729166666666668,91.33333333333331,65.16666666666667,2026,2,February,Wednesday,Harmattan / Dry,Moderate
2026-02-05,33.266666666666666,24.554166666666664,344.9166666666667,7.025,2.158333333333333,63.91666666666666,0.3916666666666666,13.791666666666666,1.8125,77.125,58.083333333333336,2026,2,February,Thursday,Harmattan / Dry,Moderate
2026-02-06,35.55833333333333,21.216666666666665,357.8333333333333,4.9,1.6416666666666666,67.125,0.4666666666666666,23.95833333333333,2.095833333333333,65.83333333333333,41.41666666666666,2026,2,February,Friday,Harmattan / Dry,Moderate
2026-02-07,49.2,31.34166666666667,455.4166666666667,7.3875,2.3125,64.375,0.51,31.0,1.7229166666666669,84.29166666666667,61.25,2026,2,February,Saturday,Harmattan / Dry,Moderate
2026-02-08,45.9125,24.729166666666668,365.625,5.145833333333333,1.7291666666666667,65.95833333333333,0.5666666666666667,36.29166666666666,1.14375,81.91666666666667,61.5,2026,2,February,Sunday,Harmattan / Dry,Moderate
2026-02-09,32.6625,18.33333333333333,348.1666666666667,4.125,1.3625,64.125,0.4658333333333333,24.08333333333333,1.5645833333333332,72.20833333333333,50.083333333333336,2026,2,February,Monday,Harmattan / Dry,Moderate
2026-02-10,26.808333333333334,20.79583333333333,331.2916666666667,7.4375,2.208333333333333,58.0,0.4016666666666666,9.333333333333334,1.0416666666666667,60.91666666666666,34.291666666666664,2026,2,February,Tuesday,Harmattan / Dry,Moderate
2026-02-11,36.86666666666667,30.5,343.5416666666667,9.420833333333333,2.9291666666666667,53.458333333333336,0.4770833333333333,9.416666666666666,1.852083333333333,90.83333333333331,64.08333333333333,2026,2,February,Wednesday,Harmattan / Dry,Moderate
2026-02-12,32.84166666666667,22.325,313.2083333333333,5.841666666666666,1.9041666666666668,58.25,0.5045833333333333,15.125,1.9041666666666668,73.54166666666667,50.41666666666666,2026,2,February,Thursday,Harmattan / Dry,Moderate
2026-02-13,42.775,28.070833333333336,437.1666666666667,7.108333333333333,2.254166666666667,62.208333333333336,0.5708333333333333,23.75,1.5354166666666669,77.54166666666667,57.625,2026,2,February,Friday,Harmattan / Dry,Moderate
2026-02-14,44.82083333333333,31.70833333333333,511.4166666666667,7.695833333333333,2.4208333333333334,61.16666666666666,0.63,21.125,0.9583333333333334,91.33333333333331,65.08333333333333,2026,2,February,Saturday,Harmattan / Dry,Moderate
2026-02-15,35.34166666666667,24.65,347.0416666666667,7.470833333333334,2.325,64.125,0.5983333333333333,17.708333333333332,1.4791666666666667,84.66666666666667,62.583333333333336,2026,2,February,Sunday,Harmattan / Dry,Moderate
2026-02-16,27.1875,18.7625,313.375,6.75,2.020833333333333,51.125,0.5679166666666667,14.166666666666666,1.0479166666666668,67.375,41.708333333333336,2026,2,February,Monday,Harmattan / Dry,Moderate
2026-02-17,29.1125,19.933333333333334,357.625,6.395833333333333,2.0125,58.375,0.4845833333333333,15.5,1.1541666666666666,63.75,37.41666666666666,2026,2,February,Tuesday,Harmattan / Dry,Moderate
2026-02-18,46.833333333333336,25.84583333333333,475.0833333333333,5.933333333333334,2.316666666666667,76.95833333333333,0.60375,38.625,1.7458333333333331,74.875,53.66666666666666,2026,2,February,Wednesday,Harmattan / Dry,Moderate
